Command line invocation:
    /Applications/Xcode.app/Contents/Developer/usr/bin/xcodebuild -workspace TravelCompanion.xcworkspace -scheme TravelCompanionApp -sdk iphonesimulator -destination id=50A10737-A0B0-4E8B-8387-29AE4FDF6A7F clean build

Build settings from command line:
    SDKROOT = iphonesimulator18.5

Resolve Package Graph


Resolved source packages:
  TravelDomain: /Users/apple/Documents/Swift/Travel-Companion/Packages/TravelDomain
  Networking: /Users/apple/Documents/Swift/Travel-Companion/Packages/Networking
  Packages: /Users/apple/Documents/Swift/Travel-Companion/Packages @ local
  Utilities: /Users/apple/Documents/Swift/Travel-Companion/Packages/Utilities @ local

--- xcodebuild: WARNING: Using the first of multiple matching destinations:
{ platform:iOS Simulator, arch:arm64, id:50A10737-A0B0-4E8B-8387-29AE4FDF6A7F, OS:18.5, name:iPhone 16 }
{ platform:iOS Simulator, arch:x86_64, id:50A10737-A0B0-4E8B-8387-29AE4FDF6A7F, OS:18.5, name:iPhone 16 }
ComputePackagePrebuildTargetDependencyGraph

CreateBuildRequest

SendProjectDescription

CreateBuildOperation

** CLEAN SUCCEEDED **

--- xcodebuild: WARNING: Using the first of multiple matching destinations:
{ platform:iOS Simulator, arch:arm64, id:50A10737-A0B0-4E8B-8387-29AE4FDF6A7F, OS:18.5, name:iPhone 16 }
{ platform:iOS Simulator, arch:x86_64, id:50A10737-A0B0-4E8B-8387-29AE4FDF6A7F, OS:18.5, name:iPhone 16 }
ComputePackagePrebuildTargetDependencyGraph

Prepare packages

CreateBuildRequest

SendProjectDescription

CreateBuildOperation

ComputeTargetDependencyGraph
note: Building targets in dependency order
note: Target dependency graph (7 targets)
    Target 'TravelCompanionApp' in project 'TravelCompanionApp'
        ➜ Explicit dependency on target 'TravelDomain' in project 'TravelDomain'
        ➜ Explicit dependency on target 'Utilities' in project 'Utilities'
        ➜ Explicit dependency on target 'Networking' in project 'Networking'
    Target 'Networking' in project 'Networking'
        ➜ Explicit dependency on target 'Networking' in project 'Networking'
        ➜ Explicit dependency on target 'TravelDomain' in project 'TravelDomain'
    Target 'Networking' in project 'Networking'
        ➜ Explicit dependency on target 'TravelDomain' in project 'TravelDomain'
    Target 'Utilities' in project 'Utilities'
        ➜ Explicit dependency on target 'Utilities' in project 'Utilities'
    Target 'Utilities' in project 'Utilities' (no dependencies)
    Target 'TravelDomain' in project 'TravelDomain'
        ➜ Explicit dependency on target 'TravelDomain' in project 'TravelDomain'
    Target 'TravelDomain' in project 'TravelDomain' (no dependencies)

GatherProvisioningInputs

CreateBuildDescription

ExecuteExternalTool /Applications/Xcode.app/Contents/Developer/Toolchains/XcodeDefault.xctoolchain/usr/bin/swiftc --version

ExecuteExternalTool /Applications/Xcode.app/Contents/Developer/Toolchains/XcodeDefault.xctoolchain/usr/bin/clang -v -E -dM -isysroot /Applications/Xcode.app/Contents/Developer/Platforms/iPhoneSimulator.platform/Developer/SDKs/iPhoneSimulator18.5.sdk -x c -c /dev/null

ExecuteExternalTool /Applications/Xcode.app/Contents/Developer/usr/bin/actool --print-asset-tag-combinations --output-format xml1 /Users/apple/Documents/Swift/Travel-Companion/TravelCompanionApp/TravelCompanionApp/Assets.xcassets

ExecuteExternalTool /Applications/Xcode.app/Contents/Developer/Toolchains/XcodeDefault.xctoolchain/usr/bin/ld -version_details

ExecuteExternalTool /Applications/Xcode.app/Contents/Developer/usr/bin/actool --version --output-format xml1

Build description signature: 5ce9a0ee076cc401ec1f8c34b53b1881
Build description path: /Users/apple/Library/Developer/Xcode/DerivedData/TravelCompanion-hihrfrveyzcocrfaffonbtiylepz/Build/Intermediates.noindex/XCBuildData/5ce9a0ee076cc401ec1f8c34b53b1881.xcbuilddata
ClangStatCache /Applications/Xcode.app/Contents/Developer/Toolchains/XcodeDefault.xctoolchain/usr/bin/clang-stat-cache /Applications/Xcode.app/Contents/Developer/Platforms/iPhoneSimulator.platform/Developer/SDKs/iPhoneSimulator18.5.sdk /Users/apple/Library/Developer/Xcode/DerivedData/SDKStatCaches.noindex/iphonesimulator18.5-22F76-d5fc8ad4295d2ef488fb7d0f804ce0c4.sdkstatcache
    cd /Users/apple/Documents/Swift/Travel-Companion
    /Applications/Xcode.app/Contents/Developer/Toolchains/XcodeDefault.xctoolchain/usr/bin/clang-stat-cache /Applications/Xcode.app/Contents/Developer/Platforms/iPhoneSimulator.platform/Developer/SDKs/iPhoneSimulator18.5.sdk -o /Users/apple/Library/Developer/Xcode/DerivedData/SDKStatCaches.noindex/iphonesimulator18.5-22F76-d5fc8ad4295d2ef488fb7d0f804ce0c4.sdkstatcache

CreateBuildDirectory /Users/apple/Library/Developer/Xcode/DerivedData/TravelCompanion-hihrfrveyzcocrfaffonbtiylepz/Build/Products
    cd /Users/apple/Documents/Swift/Travel-Companion
    builtin-create-build-directory /Users/apple/Library/Developer/Xcode/DerivedData/TravelCompanion-hihrfrveyzcocrfaffonbtiylepz/Build/Products

CreateBuildDirectory /Users/apple/Library/Developer/Xcode/DerivedData/TravelCompanion-hihrfrveyzcocrfaffonbtiylepz/Build/Intermediates.noindex
    cd /Users/apple/Documents/Swift/Travel-Companion
    builtin-create-build-directory /Users/apple/Library/Developer/Xcode/DerivedData/TravelCompanion-hihrfrveyzcocrfaffonbtiylepz/Build/Intermediates.noindex

CreateBuildDirectory /Users/apple/Library/Developer/Xcode/DerivedData/TravelCompanion-hihrfrveyzcocrfaffonbtiylepz/Build/Products/Debug-iphonesimulator
    cd /Users/apple/Documents/Swift/Travel-Companion
    builtin-create-build-directory /Users/apple/Library/Developer/Xcode/DerivedData/TravelCompanion-hihrfrveyzcocrfaffonbtiylepz/Build/Products/Debug-iphonesimulator

CreateBuildDirectory /Users/apple/Library/Developer/Xcode/DerivedData/TravelCompanion-hihrfrveyzcocrfaffonbtiylepz/Build/Intermediates.noindex/EagerLinkingTBDs/Debug-iphonesimulator
    cd /Users/apple/Documents/Swift/Travel-Companion
    builtin-create-build-directory /Users/apple/Library/Developer/Xcode/DerivedData/TravelCompanion-hihrfrveyzcocrfaffonbtiylepz/Build/Intermediates.noindex/EagerLinkingTBDs/Debug-iphonesimulator

WriteAuxiliaryFile /Users/apple/Library/Developer/Xcode/DerivedData/TravelCompanion-hihrfrveyzcocrfaffonbtiylepz/Build/Intermediates.noindex/TravelCompanionApp.build/Debug-iphonesimulator/TravelCompanionApp-fcce090358e52d0ba2ca19d5be46f273-VFS-iphonesimulator/all-product-headers.yaml
    cd /Users/apple/Documents/Swift/Travel-Companion
    write-file /Users/apple/Library/Developer/Xcode/DerivedData/TravelCompanion-hihrfrveyzcocrfaffonbtiylepz/Build/Intermediates.noindex/TravelCompanionApp.build/Debug-iphonesimulator/TravelCompanionApp-fcce090358e52d0ba2ca19d5be46f273-VFS-iphonesimulator/all-product-headers.yaml

CreateBuildDirectory /Users/apple/Library/Developer/Xcode/DerivedData/TravelCompanion-hihrfrveyzcocrfaffonbtiylepz/Build/Products/Debug-iphonesimulator/PackageFrameworks
    cd /Users/apple/Documents/Swift/Travel-Companion
    builtin-create-build-directory /Users/apple/Library/Developer/Xcode/DerivedData/TravelCompanion-hihrfrveyzcocrfaffonbtiylepz/Build/Products/Debug-iphonesimulator/PackageFrameworks

WriteAuxiliaryFile /Users/apple/Library/Developer/Xcode/DerivedData/TravelCompanion-hihrfrveyzcocrfaffonbtiylepz/Build/Intermediates.noindex/Utilities.build/Debug-iphonesimulator/Utilities.build/Utilities.DependencyMetadataFileList (in target 'Utilities' from project 'Utilities')
    cd /Users/apple/Documents/Swift/Travel-Companion/Packages/Utilities
    write-file /Users/apple/Library/Developer/Xcode/DerivedData/TravelCompanion-hihrfrveyzcocrfaffonbtiylepz/Build/Intermediates.noindex/Utilities.build/Debug-iphonesimulator/Utilities.build/Utilities.DependencyMetadataFileList

WriteAuxiliaryFile /Users/apple/Library/Developer/Xcode/DerivedData/TravelCompanion-hihrfrveyzcocrfaffonbtiylepz/Build/Intermediates.noindex/Utilities.build/Debug-iphonesimulator/Utilities.build/Utilities.modulemap (in target 'Utilities' from project 'Utilities')
    cd /Users/apple/Documents/Swift/Travel-Companion/Packages/Utilities
    write-file /Users/apple/Library/Developer/Xcode/DerivedData/TravelCompanion-hihrfrveyzcocrfaffonbtiylepz/Build/Intermediates.noindex/Utilities.build/Debug-iphonesimulator/Utilities.build/Utilities.modulemap

WriteAuxiliaryFile /Users/apple/Library/Developer/Xcode/DerivedData/TravelCompanion-hihrfrveyzcocrfaffonbtiylepz/Build/Intermediates.noindex/Utilities.build/Debug-iphonesimulator/Utilities.build/Utilities.DependencyStaticMetadataFileList (in target 'Utilities' from project 'Utilities')
    cd /Users/apple/Documents/Swift/Travel-Companion/Packages/Utilities
    write-file /Users/apple/Library/Developer/Xcode/DerivedData/TravelCompanion-hihrfrveyzcocrfaffonbtiylepz/Build/Intermediates.noindex/Utilities.build/Debug-iphonesimulator/Utilities.build/Utilities.DependencyStaticMetadataFileList

WriteAuxiliaryFile /Users/apple/Library/Developer/Xcode/DerivedData/TravelCompanion-hihrfrveyzcocrfaffonbtiylepz/Build/Intermediates.noindex/Utilities.build/Debug-iphonesimulator/Utilities.build/Objects-normal/arm64/Utilities.LinkFileList (in target 'Utilities' from project 'Utilities')
    cd /Users/apple/Documents/Swift/Travel-Companion/Packages/Utilities
    write-file /Users/apple/Library/Developer/Xcode/DerivedData/TravelCompanion-hihrfrveyzcocrfaffonbtiylepz/Build/Intermediates.noindex/Utilities.build/Debug-iphonesimulator/Utilities.build/Objects-normal/arm64/Utilities.LinkFileList

WriteAuxiliaryFile /Users/apple/Library/Developer/Xcode/DerivedData/TravelCompanion-hihrfrveyzcocrfaffonbtiylepz/Build/Intermediates.noindex/Utilities.build/Debug-iphonesimulator/Utilities.build/Objects-normal/arm64/Utilities.SwiftConstValuesFileList (in target 'Utilities' from project 'Utilities')
    cd /Users/apple/Documents/Swift/Travel-Companion/Packages/Utilities
    write-file /Users/apple/Library/Developer/Xcode/DerivedData/TravelCompanion-hihrfrveyzcocrfaffonbtiylepz/Build/Intermediates.noindex/Utilities.build/Debug-iphonesimulator/Utilities.build/Objects-normal/arm64/Utilities.SwiftConstValuesFileList

WriteAuxiliaryFile /Users/apple/Library/Developer/Xcode/DerivedData/TravelCompanion-hihrfrveyzcocrfaffonbtiylepz/Build/Intermediates.noindex/Utilities.build/Debug-iphonesimulator/Utilities.build/Objects-normal/arm64/Utilities-OutputFileMap.json (in target 'Utilities' from project 'Utilities')
    cd /Users/apple/Documents/Swift/Travel-Companion/Packages/Utilities
    write-file /Users/apple/Library/Developer/Xcode/DerivedData/TravelCompanion-hihrfrveyzcocrfaffonbtiylepz/Build/Intermediates.noindex/Utilities.build/Debug-iphonesimulator/Utilities.build/Objects-normal/arm64/Utilities-OutputFileMap.json

WriteAuxiliaryFile /Users/apple/Library/Developer/Xcode/DerivedData/TravelCompanion-hihrfrveyzcocrfaffonbtiylepz/Build/Intermediates.noindex/Utilities.build/Debug-iphonesimulator/Utilities.build/Objects-normal/arm64/Utilities.SwiftFileList (in target 'Utilities' from project 'Utilities')
    cd /Users/apple/Documents/Swift/Travel-Companion/Packages/Utilities
    write-file /Users/apple/Library/Developer/Xcode/DerivedData/TravelCompanion-hihrfrveyzcocrfaffonbtiylepz/Build/Intermediates.noindex/Utilities.build/Debug-iphonesimulator/Utilities.build/Objects-normal/arm64/Utilities.SwiftFileList

WriteAuxiliaryFile /Users/apple/Library/Developer/Xcode/DerivedData/TravelCompanion-hihrfrveyzcocrfaffonbtiylepz/Build/Intermediates.noindex/Utilities.build/Debug-iphonesimulator/Utilities.build/Objects-normal/arm64/Utilities_const_extract_protocols.json (in target 'Utilities' from project 'Utilities')
    cd /Users/apple/Documents/Swift/Travel-Companion/Packages/Utilities
    write-file /Users/apple/Library/Developer/Xcode/DerivedData/TravelCompanion-hihrfrveyzcocrfaffonbtiylepz/Build/Intermediates.noindex/Utilities.build/Debug-iphonesimulator/Utilities.build/Objects-normal/arm64/Utilities_const_extract_protocols.json

WriteAuxiliaryFile /Users/apple/Library/Developer/Xcode/DerivedData/TravelCompanion-hihrfrveyzcocrfaffonbtiylepz/Build/Intermediates.noindex/TravelDomain.build/Debug-iphonesimulator/TravelDomain.build/TravelDomain.modulemap (in target 'TravelDomain' from project 'TravelDomain')
    cd /Users/apple/Documents/Swift/Travel-Companion/Packages/TravelDomain
    write-file /Users/apple/Library/Developer/Xcode/DerivedData/TravelCompanion-hihrfrveyzcocrfaffonbtiylepz/Build/Intermediates.noindex/TravelDomain.build/Debug-iphonesimulator/TravelDomain.build/TravelDomain.modulemap

WriteAuxiliaryFile /Users/apple/Library/Developer/Xcode/DerivedData/TravelCompanion-hihrfrveyzcocrfaffonbtiylepz/Build/Intermediates.noindex/TravelDomain.build/Debug-iphonesimulator/TravelDomain.build/TravelDomain.DependencyStaticMetadataFileList (in target 'TravelDomain' from project 'TravelDomain')
    cd /Users/apple/Documents/Swift/Travel-Companion/Packages/TravelDomain
    write-file /Users/apple/Library/Developer/Xcode/DerivedData/TravelCompanion-hihrfrveyzcocrfaffonbtiylepz/Build/Intermediates.noindex/TravelDomain.build/Debug-iphonesimulator/TravelDomain.build/TravelDomain.DependencyStaticMetadataFileList

Copy /Users/apple/Library/Developer/Xcode/DerivedData/TravelCompanion-hihrfrveyzcocrfaffonbtiylepz/Build/Intermediates.noindex/GeneratedModuleMaps-iphonesimulator/Utilities.modulemap /Users/apple/Library/Developer/Xcode/DerivedData/TravelCompanion-hihrfrveyzcocrfaffonbtiylepz/Build/Intermediates.noindex/Utilities.build/Debug-iphonesimulator/Utilities.build/Utilities.modulemap (in target 'Utilities' from project 'Utilities')
    cd /Users/apple/Documents/Swift/Travel-Companion/Packages/Utilities
    builtin-copy -exclude .DS_Store -exclude CVS -exclude .svn -exclude .git -exclude .hg -resolve-src-symlinks /Users/apple/Library/Developer/Xcode/DerivedData/TravelCompanion-hihrfrveyzcocrfaffonbtiylepz/Build/Intermediates.noindex/Utilities.build/Debug-iphonesimulator/Utilities.build/Utilities.modulemap /Users/apple/Library/Developer/Xcode/DerivedData/TravelCompanion-hihrfrveyzcocrfaffonbtiylepz/Build/Intermediates.noindex/GeneratedModuleMaps-iphonesimulator

WriteAuxiliaryFile /Users/apple/Library/Developer/Xcode/DerivedData/TravelCompanion-hihrfrveyzcocrfaffonbtiylepz/Build/Intermediates.noindex/TravelDomain.build/Debug-iphonesimulator/TravelDomain.build/TravelDomain.DependencyMetadataFileList (in target 'TravelDomain' from project 'TravelDomain')
    cd /Users/apple/Documents/Swift/Travel-Companion/Packages/TravelDomain
    write-file /Users/apple/Library/Developer/Xcode/DerivedData/TravelCompanion-hihrfrveyzcocrfaffonbtiylepz/Build/Intermediates.noindex/TravelDomain.build/Debug-iphonesimulator/TravelDomain.build/TravelDomain.DependencyMetadataFileList

WriteAuxiliaryFile /Users/apple/Library/Developer/Xcode/DerivedData/TravelCompanion-hihrfrveyzcocrfaffonbtiylepz/Build/Intermediates.noindex/TravelDomain.build/Debug-iphonesimulator/TravelDomain.build/Objects-normal/arm64/TravelDomain.SwiftFileList (in target 'TravelDomain' from project 'TravelDomain')
    cd /Users/apple/Documents/Swift/Travel-Companion/Packages/TravelDomain
    write-file /Users/apple/Library/Developer/Xcode/DerivedData/TravelCompanion-hihrfrveyzcocrfaffonbtiylepz/Build/Intermediates.noindex/TravelDomain.build/Debug-iphonesimulator/TravelDomain.build/Objects-normal/arm64/TravelDomain.SwiftFileList

WriteAuxiliaryFile /Users/apple/Library/Developer/Xcode/DerivedData/TravelCompanion-hihrfrveyzcocrfaffonbtiylepz/Build/Intermediates.noindex/TravelDomain.build/Debug-iphonesimulator/TravelDomain.build/Objects-normal/arm64/TravelDomain_const_extract_protocols.json (in target 'TravelDomain' from project 'TravelDomain')
    cd /Users/apple/Documents/Swift/Travel-Companion/Packages/TravelDomain
    write-file /Users/apple/Library/Developer/Xcode/DerivedData/TravelCompanion-hihrfrveyzcocrfaffonbtiylepz/Build/Intermediates.noindex/TravelDomain.build/Debug-iphonesimulator/TravelDomain.build/Objects-normal/arm64/TravelDomain_const_extract_protocols.json

WriteAuxiliaryFile /Users/apple/Library/Developer/Xcode/DerivedData/TravelCompanion-hihrfrveyzcocrfaffonbtiylepz/Build/Intermediates.noindex/TravelDomain.build/Debug-iphonesimulator/TravelDomain.build/Objects-normal/arm64/TravelDomain.SwiftConstValuesFileList (in target 'TravelDomain' from project 'TravelDomain')
    cd /Users/apple/Documents/Swift/Travel-Companion/Packages/TravelDomain
    write-file /Users/apple/Library/Developer/Xcode/DerivedData/TravelCompanion-hihrfrveyzcocrfaffonbtiylepz/Build/Intermediates.noindex/TravelDomain.build/Debug-iphonesimulator/TravelDomain.build/Objects-normal/arm64/TravelDomain.SwiftConstValuesFileList

WriteAuxiliaryFile /Users/apple/Library/Developer/Xcode/DerivedData/TravelCompanion-hihrfrveyzcocrfaffonbtiylepz/Build/Intermediates.noindex/TravelDomain.build/Debug-iphonesimulator/TravelDomain.build/Objects-normal/arm64/TravelDomain.LinkFileList (in target 'TravelDomain' from project 'TravelDomain')
    cd /Users/apple/Documents/Swift/Travel-Companion/Packages/TravelDomain
    write-file /Users/apple/Library/Developer/Xcode/DerivedData/TravelCompanion-hihrfrveyzcocrfaffonbtiylepz/Build/Intermediates.noindex/TravelDomain.build/Debug-iphonesimulator/TravelDomain.build/Objects-normal/arm64/TravelDomain.LinkFileList

WriteAuxiliaryFile /Users/apple/Library/Developer/Xcode/DerivedData/TravelCompanion-hihrfrveyzcocrfaffonbtiylepz/Build/Intermediates.noindex/TravelDomain.build/Debug-iphonesimulator/TravelDomain.build/Objects-normal/arm64/TravelDomain-OutputFileMap.json (in target 'TravelDomain' from project 'TravelDomain')
    cd /Users/apple/Documents/Swift/Travel-Companion/Packages/TravelDomain
    write-file /Users/apple/Library/Developer/Xcode/DerivedData/TravelCompanion-hihrfrveyzcocrfaffonbtiylepz/Build/Intermediates.noindex/TravelDomain.build/Debug-iphonesimulator/TravelDomain.build/Objects-normal/arm64/TravelDomain-OutputFileMap.json

WriteAuxiliaryFile /Users/apple/Library/Developer/Xcode/DerivedData/TravelCompanion-hihrfrveyzcocrfaffonbtiylepz/Build/Intermediates.noindex/TravelCompanionApp.build/Debug-iphonesimulator/TravelCompanionApp.build/empty-TravelCompanionApp.plist (in target 'TravelCompanionApp' from project 'TravelCompanionApp')
    cd /Users/apple/Documents/Swift/Travel-Companion/TravelCompanionApp
    write-file /Users/apple/Library/Developer/Xcode/DerivedData/TravelCompanion-hihrfrveyzcocrfaffonbtiylepz/Build/Intermediates.noindex/TravelCompanionApp.build/Debug-iphonesimulator/TravelCompanionApp.build/empty-TravelCompanionApp.plist

Copy /Users/apple/Library/Developer/Xcode/DerivedData/TravelCompanion-hihrfrveyzcocrfaffonbtiylepz/Build/Intermediates.noindex/GeneratedModuleMaps-iphonesimulator/TravelDomain.modulemap /Users/apple/Library/Developer/Xcode/DerivedData/TravelCompanion-hihrfrveyzcocrfaffonbtiylepz/Build/Intermediates.noindex/TravelDomain.build/Debug-iphonesimulator/TravelDomain.build/TravelDomain.modulemap (in target 'TravelDomain' from project 'TravelDomain')
    cd /Users/apple/Documents/Swift/Travel-Companion/Packages/TravelDomain
    builtin-copy -exclude .DS_Store -exclude CVS -exclude .svn -exclude .git -exclude .hg -resolve-src-symlinks /Users/apple/Library/Developer/Xcode/DerivedData/TravelCompanion-hihrfrveyzcocrfaffonbtiylepz/Build/Intermediates.noindex/TravelDomain.build/Debug-iphonesimulator/TravelDomain.build/TravelDomain.modulemap /Users/apple/Library/Developer/Xcode/DerivedData/TravelCompanion-hihrfrveyzcocrfaffonbtiylepz/Build/Intermediates.noindex/GeneratedModuleMaps-iphonesimulator

WriteAuxiliaryFile /Users/apple/Library/Developer/Xcode/DerivedData/TravelCompanion-hihrfrveyzcocrfaffonbtiylepz/Build/Intermediates.noindex/TravelCompanionApp.build/Debug-iphonesimulator/TravelCompanionApp.build/TravelCompanionApp.hmap (in target 'TravelCompanionApp' from project 'TravelCompanionApp')
    cd /Users/apple/Documents/Swift/Travel-Companion/TravelCompanionApp
    write-file /Users/apple/Library/Developer/Xcode/DerivedData/TravelCompanion-hihrfrveyzcocrfaffonbtiylepz/Build/Intermediates.noindex/TravelCompanionApp.build/Debug-iphonesimulator/TravelCompanionApp.build/TravelCompanionApp.hmap

WriteAuxiliaryFile /Users/apple/Library/Developer/Xcode/DerivedData/TravelCompanion-hihrfrveyzcocrfaffonbtiylepz/Build/Intermediates.noindex/TravelCompanionApp.build/Debug-iphonesimulator/TravelCompanionApp.build/TravelCompanionApp.DependencyStaticMetadataFileList (in target 'TravelCompanionApp' from project 'TravelCompanionApp')
    cd /Users/apple/Documents/Swift/Travel-Companion/TravelCompanionApp
    write-file /Users/apple/Library/Developer/Xcode/DerivedData/TravelCompanion-hihrfrveyzcocrfaffonbtiylepz/Build/Intermediates.noindex/TravelCompanionApp.build/Debug-iphonesimulator/TravelCompanionApp.build/TravelCompanionApp.DependencyStaticMetadataFileList

WriteAuxiliaryFile /Users/apple/Library/Developer/Xcode/DerivedData/TravelCompanion-hihrfrveyzcocrfaffonbtiylepz/Build/Intermediates.noindex/TravelCompanionApp.build/Debug-iphonesimulator/TravelCompanionApp.build/TravelCompanionApp.DependencyMetadataFileList (in target 'TravelCompanionApp' from project 'TravelCompanionApp')
    cd /Users/apple/Documents/Swift/Travel-Companion/TravelCompanionApp
    write-file /Users/apple/Library/Developer/Xcode/DerivedData/TravelCompanion-hihrfrveyzcocrfaffonbtiylepz/Build/Intermediates.noindex/TravelCompanionApp.build/Debug-iphonesimulator/TravelCompanionApp.build/TravelCompanionApp.DependencyMetadataFileList

WriteAuxiliaryFile /Users/apple/Library/Developer/Xcode/DerivedData/TravelCompanion-hihrfrveyzcocrfaffonbtiylepz/Build/Intermediates.noindex/TravelCompanionApp.build/Debug-iphonesimulator/TravelCompanionApp.build/TravelCompanionApp-project-headers.hmap (in target 'TravelCompanionApp' from project 'TravelCompanionApp')
    cd /Users/apple/Documents/Swift/Travel-Companion/TravelCompanionApp
    write-file /Users/apple/Library/Developer/Xcode/DerivedData/TravelCompanion-hihrfrveyzcocrfaffonbtiylepz/Build/Intermediates.noindex/TravelCompanionApp.build/Debug-iphonesimulator/TravelCompanionApp.build/TravelCompanionApp-project-headers.hmap

WriteAuxiliaryFile /Users/apple/Library/Developer/Xcode/DerivedData/TravelCompanion-hihrfrveyzcocrfaffonbtiylepz/Build/Intermediates.noindex/TravelCompanionApp.build/Debug-iphonesimulator/TravelCompanionApp.build/TravelCompanionApp-own-target-headers.hmap (in target 'TravelCompanionApp' from project 'TravelCompanionApp')
    cd /Users/apple/Documents/Swift/Travel-Companion/TravelCompanionApp
    write-file /Users/apple/Library/Developer/Xcode/DerivedData/TravelCompanion-hihrfrveyzcocrfaffonbtiylepz/Build/Intermediates.noindex/TravelCompanionApp.build/Debug-iphonesimulator/TravelCompanionApp.build/TravelCompanionApp-own-target-headers.hmap

WriteAuxiliaryFile /Users/apple/Library/Developer/Xcode/DerivedData/TravelCompanion-hihrfrveyzcocrfaffonbtiylepz/Build/Intermediates.noindex/TravelCompanionApp.build/Debug-iphonesimulator/TravelCompanionApp.build/TravelCompanionApp-generated-files.hmap (in target 'TravelCompanionApp' from project 'TravelCompanionApp')
    cd /Users/apple/Documents/Swift/Travel-Companion/TravelCompanionApp
    write-file /Users/apple/Library/Developer/Xcode/DerivedData/TravelCompanion-hihrfrveyzcocrfaffonbtiylepz/Build/Intermediates.noindex/TravelCompanionApp.build/Debug-iphonesimulator/TravelCompanionApp.build/TravelCompanionApp-generated-files.hmap

WriteAuxiliaryFile /Users/apple/Library/Developer/Xcode/DerivedData/TravelCompanion-hihrfrveyzcocrfaffonbtiylepz/Build/Intermediates.noindex/TravelCompanionApp.build/Debug-iphonesimulator/TravelCompanionApp.build/TravelCompanionApp-all-target-headers.hmap (in target 'TravelCompanionApp' from project 'TravelCompanionApp')
    cd /Users/apple/Documents/Swift/Travel-Companion/TravelCompanionApp
    write-file /Users/apple/Library/Developer/Xcode/DerivedData/TravelCompanion-hihrfrveyzcocrfaffonbtiylepz/Build/Intermediates.noindex/TravelCompanionApp.build/Debug-iphonesimulator/TravelCompanionApp.build/TravelCompanionApp-all-target-headers.hmap

WriteAuxiliaryFile /Users/apple/Library/Developer/Xcode/DerivedData/TravelCompanion-hihrfrveyzcocrfaffonbtiylepz/Build/Intermediates.noindex/TravelCompanionApp.build/Debug-iphonesimulator/TravelCompanionApp.build/TravelCompanionApp-all-non-framework-target-headers.hmap (in target 'TravelCompanionApp' from project 'TravelCompanionApp')
    cd /Users/apple/Documents/Swift/Travel-Companion/TravelCompanionApp
    write-file /Users/apple/Library/Developer/Xcode/DerivedData/TravelCompanion-hihrfrveyzcocrfaffonbtiylepz/Build/Intermediates.noindex/TravelCompanionApp.build/Debug-iphonesimulator/TravelCompanionApp.build/TravelCompanionApp-all-non-framework-target-headers.hmap

WriteAuxiliaryFile /Users/apple/Library/Developer/Xcode/DerivedData/TravelCompanion-hihrfrveyzcocrfaffonbtiylepz/Build/Intermediates.noindex/TravelCompanionApp.build/Debug-iphonesimulator/TravelCompanionApp.build/TravelCompanionApp-DebugDylibPath-normal-arm64.txt (in target 'TravelCompanionApp' from project 'TravelCompanionApp')
    cd /Users/apple/Documents/Swift/Travel-Companion/TravelCompanionApp
    write-file /Users/apple/Library/Developer/Xcode/DerivedData/TravelCompanion-hihrfrveyzcocrfaffonbtiylepz/Build/Intermediates.noindex/TravelCompanionApp.build/Debug-iphonesimulator/TravelCompanionApp.build/TravelCompanionApp-DebugDylibPath-normal-arm64.txt

WriteAuxiliaryFile /Users/apple/Library/Developer/Xcode/DerivedData/TravelCompanion-hihrfrveyzcocrfaffonbtiylepz/Build/Intermediates.noindex/TravelCompanionApp.build/Debug-iphonesimulator/TravelCompanionApp.build/TravelCompanionApp-DebugDylibInstallName-normal-arm64.txt (in target 'TravelCompanionApp' from project 'TravelCompanionApp')
    cd /Users/apple/Documents/Swift/Travel-Companion/TravelCompanionApp
    write-file /Users/apple/Library/Developer/Xcode/DerivedData/TravelCompanion-hihrfrveyzcocrfaffonbtiylepz/Build/Intermediates.noindex/TravelCompanionApp.build/Debug-iphonesimulator/TravelCompanionApp.build/TravelCompanionApp-DebugDylibInstallName-normal-arm64.txt

WriteAuxiliaryFile /Users/apple/Library/Developer/Xcode/DerivedData/TravelCompanion-hihrfrveyzcocrfaffonbtiylepz/Build/Intermediates.noindex/TravelCompanionApp.build/Debug-iphonesimulator/TravelCompanionApp.build/Objects-normal/arm64/TravelCompanionApp.SwiftFileList (in target 'TravelCompanionApp' from project 'TravelCompanionApp')
    cd /Users/apple/Documents/Swift/Travel-Companion/TravelCompanionApp
    write-file /Users/apple/Library/Developer/Xcode/DerivedData/TravelCompanion-hihrfrveyzcocrfaffonbtiylepz/Build/Intermediates.noindex/TravelCompanionApp.build/Debug-iphonesimulator/TravelCompanionApp.build/Objects-normal/arm64/TravelCompanionApp.SwiftFileList

WriteAuxiliaryFile /Users/apple/Library/Developer/Xcode/DerivedData/TravelCompanion-hihrfrveyzcocrfaffonbtiylepz/Build/Intermediates.noindex/TravelCompanionApp.build/Debug-iphonesimulator/TravelCompanionApp.build/Objects-normal/arm64/TravelCompanionApp_const_extract_protocols.json (in target 'TravelCompanionApp' from project 'TravelCompanionApp')
    cd /Users/apple/Documents/Swift/Travel-Companion/TravelCompanionApp
    write-file /Users/apple/Library/Developer/Xcode/DerivedData/TravelCompanion-hihrfrveyzcocrfaffonbtiylepz/Build/Intermediates.noindex/TravelCompanionApp.build/Debug-iphonesimulator/TravelCompanionApp.build/Objects-normal/arm64/TravelCompanionApp_const_extract_protocols.json

WriteAuxiliaryFile /Users/apple/Library/Developer/Xcode/DerivedData/TravelCompanion-hihrfrveyzcocrfaffonbtiylepz/Build/Intermediates.noindex/TravelCompanionApp.build/Debug-iphonesimulator/TravelCompanionApp.build/Objects-normal/arm64/TravelCompanionApp.SwiftConstValuesFileList (in target 'TravelCompanionApp' from project 'TravelCompanionApp')
    cd /Users/apple/Documents/Swift/Travel-Companion/TravelCompanionApp
    write-file /Users/apple/Library/Developer/Xcode/DerivedData/TravelCompanion-hihrfrveyzcocrfaffonbtiylepz/Build/Intermediates.noindex/TravelCompanionApp.build/Debug-iphonesimulator/TravelCompanionApp.build/Objects-normal/arm64/TravelCompanionApp.SwiftConstValuesFileList

WriteAuxiliaryFile /Users/apple/Library/Developer/Xcode/DerivedData/TravelCompanion-hihrfrveyzcocrfaffonbtiylepz/Build/Intermediates.noindex/TravelCompanionApp.build/Debug-iphonesimulator/TravelCompanionApp.build/Objects-normal/arm64/TravelCompanionApp.LinkFileList (in target 'TravelCompanionApp' from project 'TravelCompanionApp')
    cd /Users/apple/Documents/Swift/Travel-Companion/TravelCompanionApp
    write-file /Users/apple/Library/Developer/Xcode/DerivedData/TravelCompanion-hihrfrveyzcocrfaffonbtiylepz/Build/Intermediates.noindex/TravelCompanionApp.build/Debug-iphonesimulator/TravelCompanionApp.build/Objects-normal/arm64/TravelCompanionApp.LinkFileList

WriteAuxiliaryFile /Users/apple/Library/Developer/Xcode/DerivedData/TravelCompanion-hihrfrveyzcocrfaffonbtiylepz/Build/Intermediates.noindex/TravelCompanionApp.build/Debug-iphonesimulator/TravelCompanionApp.build/Objects-normal/arm64/TravelCompanionApp-OutputFileMap.json (in target 'TravelCompanionApp' from project 'TravelCompanionApp')
    cd /Users/apple/Documents/Swift/Travel-Companion/TravelCompanionApp
    write-file /Users/apple/Library/Developer/Xcode/DerivedData/TravelCompanion-hihrfrveyzcocrfaffonbtiylepz/Build/Intermediates.noindex/TravelCompanionApp.build/Debug-iphonesimulator/TravelCompanionApp.build/Objects-normal/arm64/TravelCompanionApp-OutputFileMap.json

WriteAuxiliaryFile /Users/apple/Library/Developer/Xcode/DerivedData/TravelCompanion-hihrfrveyzcocrfaffonbtiylepz/Build/Intermediates.noindex/TravelCompanionApp.build/Debug-iphonesimulator/TravelCompanionApp.build/DerivedSources/Entitlements-Simulated.plist (in target 'TravelCompanionApp' from project 'TravelCompanionApp')
    cd /Users/apple/Documents/Swift/Travel-Companion/TravelCompanionApp
    write-file /Users/apple/Library/Developer/Xcode/DerivedData/TravelCompanion-hihrfrveyzcocrfaffonbtiylepz/Build/Intermediates.noindex/TravelCompanionApp.build/Debug-iphonesimulator/TravelCompanionApp.build/DerivedSources/Entitlements-Simulated.plist

WriteAuxiliaryFile /Users/apple/Library/Developer/Xcode/DerivedData/TravelCompanion-hihrfrveyzcocrfaffonbtiylepz/Build/Intermediates.noindex/Networking.build/Debug-iphonesimulator/Networking.build/Objects-normal/arm64/Networking.SwiftFileList (in target 'Networking' from project 'Networking')
    cd /Users/apple/Documents/Swift/Travel-Companion/Packages/Networking
    write-file /Users/apple/Library/Developer/Xcode/DerivedData/TravelCompanion-hihrfrveyzcocrfaffonbtiylepz/Build/Intermediates.noindex/Networking.build/Debug-iphonesimulator/Networking.build/Objects-normal/arm64/Networking.SwiftFileList

WriteAuxiliaryFile /Users/apple/Library/Developer/Xcode/DerivedData/TravelCompanion-hihrfrveyzcocrfaffonbtiylepz/Build/Intermediates.noindex/Networking.build/Debug-iphonesimulator/Networking.build/Objects-normal/arm64/Networking.SwiftConstValuesFileList (in target 'Networking' from project 'Networking')
    cd /Users/apple/Documents/Swift/Travel-Companion/Packages/Networking
    write-file /Users/apple/Library/Developer/Xcode/DerivedData/TravelCompanion-hihrfrveyzcocrfaffonbtiylepz/Build/Intermediates.noindex/Networking.build/Debug-iphonesimulator/Networking.build/Objects-normal/arm64/Networking.SwiftConstValuesFileList

WriteAuxiliaryFile /Users/apple/Library/Developer/Xcode/DerivedData/TravelCompanion-hihrfrveyzcocrfaffonbtiylepz/Build/Intermediates.noindex/Networking.build/Debug-iphonesimulator/Networking.build/Objects-normal/arm64/Networking_const_extract_protocols.json (in target 'Networking' from project 'Networking')
    cd /Users/apple/Documents/Swift/Travel-Companion/Packages/Networking
    write-file /Users/apple/Library/Developer/Xcode/DerivedData/TravelCompanion-hihrfrveyzcocrfaffonbtiylepz/Build/Intermediates.noindex/Networking.build/Debug-iphonesimulator/Networking.build/Objects-normal/arm64/Networking_const_extract_protocols.json

WriteAuxiliaryFile /Users/apple/Library/Developer/Xcode/DerivedData/TravelCompanion-hihrfrveyzcocrfaffonbtiylepz/Build/Intermediates.noindex/Networking.build/Debug-iphonesimulator/Networking.build/Objects-normal/arm64/Networking.LinkFileList (in target 'Networking' from project 'Networking')
    cd /Users/apple/Documents/Swift/Travel-Companion/Packages/Networking
    write-file /Users/apple/Library/Developer/Xcode/DerivedData/TravelCompanion-hihrfrveyzcocrfaffonbtiylepz/Build/Intermediates.noindex/Networking.build/Debug-iphonesimulator/Networking.build/Objects-normal/arm64/Networking.LinkFileList

WriteAuxiliaryFile /Users/apple/Library/Developer/Xcode/DerivedData/TravelCompanion-hihrfrveyzcocrfaffonbtiylepz/Build/Intermediates.noindex/Networking.build/Debug-iphonesimulator/Networking.build/Objects-normal/arm64/Networking-OutputFileMap.json (in target 'Networking' from project 'Networking')
    cd /Users/apple/Documents/Swift/Travel-Companion/Packages/Networking
    write-file /Users/apple/Library/Developer/Xcode/DerivedData/TravelCompanion-hihrfrveyzcocrfaffonbtiylepz/Build/Intermediates.noindex/Networking.build/Debug-iphonesimulator/Networking.build/Objects-normal/arm64/Networking-OutputFileMap.json

WriteAuxiliaryFile /Users/apple/Library/Developer/Xcode/DerivedData/TravelCompanion-hihrfrveyzcocrfaffonbtiylepz/Build/Intermediates.noindex/Networking.build/Debug-iphonesimulator/Networking.build/Networking.modulemap (in target 'Networking' from project 'Networking')
    cd /Users/apple/Documents/Swift/Travel-Companion/Packages/Networking
    write-file /Users/apple/Library/Developer/Xcode/DerivedData/TravelCompanion-hihrfrveyzcocrfaffonbtiylepz/Build/Intermediates.noindex/Networking.build/Debug-iphonesimulator/Networking.build/Networking.modulemap

WriteAuxiliaryFile /Users/apple/Library/Developer/Xcode/DerivedData/TravelCompanion-hihrfrveyzcocrfaffonbtiylepz/Build/Intermediates.noindex/Networking.build/Debug-iphonesimulator/Networking.build/Networking.DependencyStaticMetadataFileList (in target 'Networking' from project 'Networking')
    cd /Users/apple/Documents/Swift/Travel-Companion/Packages/Networking
    write-file /Users/apple/Library/Developer/Xcode/DerivedData/TravelCompanion-hihrfrveyzcocrfaffonbtiylepz/Build/Intermediates.noindex/Networking.build/Debug-iphonesimulator/Networking.build/Networking.DependencyStaticMetadataFileList

WriteAuxiliaryFile /Users/apple/Library/Developer/Xcode/DerivedData/TravelCompanion-hihrfrveyzcocrfaffonbtiylepz/Build/Intermediates.noindex/Networking.build/Debug-iphonesimulator/Networking.build/Networking.DependencyMetadataFileList (in target 'Networking' from project 'Networking')
    cd /Users/apple/Documents/Swift/Travel-Companion/Packages/Networking
    write-file /Users/apple/Library/Developer/Xcode/DerivedData/TravelCompanion-hihrfrveyzcocrfaffonbtiylepz/Build/Intermediates.noindex/Networking.build/Debug-iphonesimulator/Networking.build/Networking.DependencyMetadataFileList

MkDir /Users/apple/Library/Developer/Xcode/DerivedData/TravelCompanion-hihrfrveyzcocrfaffonbtiylepz/Build/Products/Debug-iphonesimulator/TravelCompanionApp.app (in target 'TravelCompanionApp' from project 'TravelCompanionApp')
    cd /Users/apple/Documents/Swift/Travel-Companion/TravelCompanionApp
    /bin/mkdir -p /Users/apple/Library/Developer/Xcode/DerivedData/TravelCompanion-hihrfrveyzcocrfaffonbtiylepz/Build/Products/Debug-iphonesimulator/TravelCompanionApp.app

Copy /Users/apple/Library/Developer/Xcode/DerivedData/TravelCompanion-hihrfrveyzcocrfaffonbtiylepz/Build/Intermediates.noindex/GeneratedModuleMaps-iphonesimulator/Networking.modulemap /Users/apple/Library/Developer/Xcode/DerivedData/TravelCompanion-hihrfrveyzcocrfaffonbtiylepz/Build/Intermediates.noindex/Networking.build/Debug-iphonesimulator/Networking.build/Networking.modulemap (in target 'Networking' from project 'Networking')
    cd /Users/apple/Documents/Swift/Travel-Companion/Packages/Networking
    builtin-copy -exclude .DS_Store -exclude CVS -exclude .svn -exclude .git -exclude .hg -resolve-src-symlinks /Users/apple/Library/Developer/Xcode/DerivedData/TravelCompanion-hihrfrveyzcocrfaffonbtiylepz/Build/Intermediates.noindex/Networking.build/Debug-iphonesimulator/Networking.build/Networking.modulemap /Users/apple/Library/Developer/Xcode/DerivedData/TravelCompanion-hihrfrveyzcocrfaffonbtiylepz/Build/Intermediates.noindex/GeneratedModuleMaps-iphonesimulator

SwiftDriver TravelDomain normal arm64 com.apple.xcode.tools.swift.compiler (in target 'TravelDomain' from project 'TravelDomain')
    cd /Users/apple/Documents/Swift/Travel-Companion
    builtin-SwiftDriver -- /Applications/Xcode.app/Contents/Developer/Toolchains/XcodeDefault.xctoolchain/usr/bin/swiftc -module-name TravelDomain -Onone -enforce-exclusivity\=checked @/Users/apple/Library/Developer/Xcode/DerivedData/TravelCompanion-hihrfrveyzcocrfaffonbtiylepz/Build/Intermediates.noindex/TravelDomain.build/Debug-iphonesimulator/TravelDomain.build/Objects-normal/arm64/TravelDomain.SwiftFileList -DSWIFT_PACKAGE -DDEBUG -DXcode -plugin-path /Applications/Xcode.app/Contents/Developer/Toolchains/XcodeDefault.xctoolchain/usr/lib/swift/host/plugins/testing -enable-experimental-feature DebugDescriptionMacro -sdk /Applications/Xcode.app/Contents/Developer/Platforms/iPhoneSimulator.platform/Developer/SDKs/iPhoneSimulator18.5.sdk -target arm64-apple-ios15.0-simulator -g -module-cache-path /Users/apple/Library/Developer/Xcode/DerivedData/ModuleCache.noindex -Xfrontend -serialize-debugging-options -profile-coverage-mapping -profile-generate -enable-testing -index-store-path /Users/apple/Library/Developer/Xcode/DerivedData/TravelCompanion-hihrfrveyzcocrfaffonbtiylepz/Index.noindex/DataStore -swift-version 5 -I /Users/apple/Library/Developer/Xcode/DerivedData/TravelCompanion-hihrfrveyzcocrfaffonbtiylepz/Build/Products/Debug-iphonesimulator -I /Applications/Xcode.app/Contents/Developer/Platforms/iPhoneSimulator.platform/Developer/usr/lib -F /Users/apple/Library/Developer/Xcode/DerivedData/TravelCompanion-hihrfrveyzcocrfaffonbtiylepz/Build/Products/Debug-iphonesimulator -F /Applications/Xcode.app/Contents/Developer/Platforms/iPhoneSimulator.platform/Developer/Library/Frameworks -F /Applications/Xcode.app/Contents/Developer/Platforms/iPhoneSimulator.platform/Developer/SDKs/iPhoneSimulator18.5.sdk/Developer/Library/Frameworks -c -j10 -enable-batch-mode -incremental -Xcc -ivfsstatcache -Xcc /Users/apple/Library/Developer/Xcode/DerivedData/SDKStatCaches.noindex/iphonesimulator18.5-22F76-d5fc8ad4295d2ef488fb7d0f804ce0c4.sdkstatcache -output-file-map /Users/apple/Library/Developer/Xcode/DerivedData/TravelCompanion-hihrfrveyzcocrfaffonbtiylepz/Build/Intermediates.noindex/TravelDomain.build/Debug-iphonesimulator/TravelDomain.build/Objects-normal/arm64/TravelDomain-OutputFileMap.json -use-frontend-parseable-output -save-temps -no-color-diagnostics -serialize-diagnostics -emit-dependencies -emit-module -emit-module-path /Users/apple/Library/Developer/Xcode/DerivedData/TravelCompanion-hihrfrveyzcocrfaffonbtiylepz/Build/Intermediates.noindex/TravelDomain.build/Debug-iphonesimulator/TravelDomain.build/Objects-normal/arm64/TravelDomain.swiftmodule -validate-clang-modules-once -clang-build-session-file /Users/apple/Library/Developer/Xcode/DerivedData/ModuleCache.noindex/Session.modulevalidation -package-name traveldomain -Xcc -I/Users/apple/Library/Developer/Xcode/DerivedData/TravelCompanion-hihrfrveyzcocrfaffonbtiylepz/Build/Intermediates.noindex/TravelDomain.build/Debug-iphonesimulator/TravelDomain.build/swift-overrides.hmap -emit-const-values -Xfrontend -const-gather-protocols-file -Xfrontend /Users/apple/Library/Developer/Xcode/DerivedData/TravelCompanion-hihrfrveyzcocrfaffonbtiylepz/Build/Intermediates.noindex/TravelDomain.build/Debug-iphonesimulator/TravelDomain.build/Objects-normal/arm64/TravelDomain_const_extract_protocols.json -Xcc -I/Users/apple/Library/Developer/Xcode/DerivedData/TravelCompanion-hihrfrveyzcocrfaffonbtiylepz/Build/Products/Debug-iphonesimulator/include -Xcc -I/Users/apple/Library/Developer/Xcode/DerivedData/TravelCompanion-hihrfrveyzcocrfaffonbtiylepz/Build/Intermediates.noindex/TravelDomain.build/Debug-iphonesimulator/TravelDomain.build/DerivedSources-normal/arm64 -Xcc -I/Users/apple/Library/Developer/Xcode/DerivedData/TravelCompanion-hihrfrveyzcocrfaffonbtiylepz/Build/Intermediates.noindex/TravelDomain.build/Debug-iphonesimulator/TravelDomain.build/DerivedSources/arm64 -Xcc -I/Users/apple/Library/Developer/Xcode/DerivedData/TravelCompanion-hihrfrveyzcocrfaffonbtiylepz/Build/Intermediates.noindex/TravelDomain.build/Debug-iphonesimulator/TravelDomain.build/DerivedSources -Xcc -DSWIFT_PACKAGE -Xcc -DDEBUG\=1 -emit-objc-header -emit-objc-header-path /Users/apple/Library/Developer/Xcode/DerivedData/TravelCompanion-hihrfrveyzcocrfaffonbtiylepz/Build/Intermediates.noindex/TravelDomain.build/Debug-iphonesimulator/TravelDomain.build/Objects-normal/arm64/TravelDomain-Swift.h -working-directory /Users/apple/Documents/Swift/Travel-Companion -experimental-emit-module-separately -disable-cmo

SwiftDriver Utilities normal arm64 com.apple.xcode.tools.swift.compiler (in target 'Utilities' from project 'Utilities')
    cd /Users/apple/Documents/Swift/Travel-Companion
    builtin-SwiftDriver -- /Applications/Xcode.app/Contents/Developer/Toolchains/XcodeDefault.xctoolchain/usr/bin/swiftc -module-name Utilities -Onone -enforce-exclusivity\=checked @/Users/apple/Library/Developer/Xcode/DerivedData/TravelCompanion-hihrfrveyzcocrfaffonbtiylepz/Build/Intermediates.noindex/Utilities.build/Debug-iphonesimulator/Utilities.build/Objects-normal/arm64/Utilities.SwiftFileList -DSWIFT_PACKAGE -DDEBUG -DXcode -plugin-path /Applications/Xcode.app/Contents/Developer/Toolchains/XcodeDefault.xctoolchain/usr/lib/swift/host/plugins/testing -enable-experimental-feature DebugDescriptionMacro -sdk /Applications/Xcode.app/Contents/Developer/Platforms/iPhoneSimulator.platform/Developer/SDKs/iPhoneSimulator18.5.sdk -target arm64-apple-ios15.0-simulator -g -module-cache-path /Users/apple/Library/Developer/Xcode/DerivedData/ModuleCache.noindex -Xfrontend -serialize-debugging-options -profile-coverage-mapping -profile-generate -enable-testing -suppress-warnings -index-store-path /Users/apple/Library/Developer/Xcode/DerivedData/TravelCompanion-hihrfrveyzcocrfaffonbtiylepz/Index.noindex/DataStore -swift-version 5 -I /Users/apple/Library/Developer/Xcode/DerivedData/TravelCompanion-hihrfrveyzcocrfaffonbtiylepz/Build/Products/Debug-iphonesimulator -I /Applications/Xcode.app/Contents/Developer/Platforms/iPhoneSimulator.platform/Developer/usr/lib -F /Users/apple/Library/Developer/Xcode/DerivedData/TravelCompanion-hihrfrveyzcocrfaffonbtiylepz/Build/Products/Debug-iphonesimulator -F /Applications/Xcode.app/Contents/Developer/Platforms/iPhoneSimulator.platform/Developer/Library/Frameworks -F /Applications/Xcode.app/Contents/Developer/Platforms/iPhoneSimulator.platform/Developer/SDKs/iPhoneSimulator18.5.sdk/Developer/Library/Frameworks -c -j10 -enable-batch-mode -incremental -Xcc -ivfsstatcache -Xcc /Users/apple/Library/Developer/Xcode/DerivedData/SDKStatCaches.noindex/iphonesimulator18.5-22F76-d5fc8ad4295d2ef488fb7d0f804ce0c4.sdkstatcache -output-file-map /Users/apple/Library/Developer/Xcode/DerivedData/TravelCompanion-hihrfrveyzcocrfaffonbtiylepz/Build/Intermediates.noindex/Utilities.build/Debug-iphonesimulator/Utilities.build/Objects-normal/arm64/Utilities-OutputFileMap.json -use-frontend-parseable-output -save-temps -no-color-diagnostics -serialize-diagnostics -emit-dependencies -emit-module -emit-module-path /Users/apple/Library/Developer/Xcode/DerivedData/TravelCompanion-hihrfrveyzcocrfaffonbtiylepz/Build/Intermediates.noindex/Utilities.build/Debug-iphonesimulator/Utilities.build/Objects-normal/arm64/Utilities.swiftmodule -validate-clang-modules-once -clang-build-session-file /Users/apple/Library/Developer/Xcode/DerivedData/ModuleCache.noindex/Session.modulevalidation -package-name utilities -Xcc -I/Users/apple/Library/Developer/Xcode/DerivedData/TravelCompanion-hihrfrveyzcocrfaffonbtiylepz/Build/Intermediates.noindex/Utilities.build/Debug-iphonesimulator/Utilities.build/swift-overrides.hmap -emit-const-values -Xfrontend -const-gather-protocols-file -Xfrontend /Users/apple/Library/Developer/Xcode/DerivedData/TravelCompanion-hihrfrveyzcocrfaffonbtiylepz/Build/Intermediates.noindex/Utilities.build/Debug-iphonesimulator/Utilities.build/Objects-normal/arm64/Utilities_const_extract_protocols.json -Xcc -I/Users/apple/Library/Developer/Xcode/DerivedData/TravelCompanion-hihrfrveyzcocrfaffonbtiylepz/Build/Products/Debug-iphonesimulator/include -Xcc -I/Users/apple/Library/Developer/Xcode/DerivedData/TravelCompanion-hihrfrveyzcocrfaffonbtiylepz/Build/Intermediates.noindex/Utilities.build/Debug-iphonesimulator/Utilities.build/DerivedSources-normal/arm64 -Xcc -I/Users/apple/Library/Developer/Xcode/DerivedData/TravelCompanion-hihrfrveyzcocrfaffonbtiylepz/Build/Intermediates.noindex/Utilities.build/Debug-iphonesimulator/Utilities.build/DerivedSources/arm64 -Xcc -I/Users/apple/Library/Developer/Xcode/DerivedData/TravelCompanion-hihrfrveyzcocrfaffonbtiylepz/Build/Intermediates.noindex/Utilities.build/Debug-iphonesimulator/Utilities.build/DerivedSources -Xcc -DSWIFT_PACKAGE -Xcc -DDEBUG\=1 -emit-objc-header -emit-objc-header-path /Users/apple/Library/Developer/Xcode/DerivedData/TravelCompanion-hihrfrveyzcocrfaffonbtiylepz/Build/Intermediates.noindex/Utilities.build/Debug-iphonesimulator/Utilities.build/Objects-normal/arm64/Utilities-Swift.h -working-directory /Users/apple/Documents/Swift/Travel-Companion -experimental-emit-module-separately -disable-cmo

SwiftEmitModule normal arm64 Emitting\ module\ for\ Utilities (in target 'Utilities' from project 'Utilities')

EmitSwiftModule normal arm64 (in target 'Utilities' from project 'Utilities')
    cd /Users/apple/Documents/Swift/Travel-Companion
    

SwiftEmitModule normal arm64 Emitting\ module\ for\ TravelDomain (in target 'TravelDomain' from project 'TravelDomain')

EmitSwiftModule normal arm64 (in target 'TravelDomain' from project 'TravelDomain')
    cd /Users/apple/Documents/Swift/Travel-Companion
    

SwiftCompile normal arm64 Compiling\ Untitled.swift /Users/apple/Documents/Swift/Travel-Companion/Packages/Utilities/Sources/Utilities/Untitled.swift (in target 'Utilities' from project 'Utilities')
SwiftCompile normal arm64 /Users/apple/Documents/Swift/Travel-Companion/Packages/Utilities/Sources/Utilities/Untitled.swift (in target 'Utilities' from project 'Utilities')
    cd /Users/apple/Documents/Swift/Travel-Companion
    

SwiftCompile normal arm64 Compiling\ runner.swift /Users/apple/Documents/Swift/Travel-Companion/Packages/Utilities/Sources/Utilities/runner.swift (in target 'Utilities' from project 'Utilities')
SwiftCompile normal arm64 /Users/apple/Documents/Swift/Travel-Companion/Packages/Utilities/Sources/Utilities/runner.swift (in target 'Utilities' from project 'Utilities')
    cd /Users/apple/Documents/Swift/Travel-Companion
    

SwiftCompile normal arm64 Compiling\ Utilities.swift /Users/apple/Documents/Swift/Travel-Companion/Packages/Utilities/Sources/Utilities/Utilities.swift (in target 'Utilities' from project 'Utilities')

SwiftCompile normal arm64 /Users/apple/Documents/Swift/Travel-Companion/Packages/Utilities/Sources/Utilities/Utilities.swift (in target 'Utilities' from project 'Utilities')
    cd /Users/apple/Documents/Swift/Travel-Companion
    

SwiftCompile normal arm64 Compiling\ Logger.swift /Users/apple/Documents/Swift/Travel-Companion/Packages/Utilities/Sources/Utilities/Logger.swift (in target 'Utilities' from project 'Utilities')

SwiftCompile normal arm64 /Users/apple/Documents/Swift/Travel-Companion/Packages/Utilities/Sources/Utilities/Logger.swift (in target 'Utilities' from project 'Utilities')
    cd /Users/apple/Documents/Swift/Travel-Companion
    

SwiftCompile normal arm64 Compiling\ Trip.swift /Users/apple/Documents/Swift/Travel-Companion/Packages/TravelDomain/Sources/TravelDomain/Trip.swift (in target 'TravelDomain' from project 'TravelDomain')

SwiftCompile normal arm64 /Users/apple/Documents/Swift/Travel-Companion/Packages/TravelDomain/Sources/TravelDomain/Trip.swift (in target 'TravelDomain' from project 'TravelDomain')
    cd /Users/apple/Documents/Swift/Travel-Companion
    

SwiftCompile normal arm64 Compiling\ TravelDomain.swift /Users/apple/Documents/Swift/Travel-Companion/Packages/TravelDomain/Sources/TravelDomain/TravelDomain.swift (in target 'TravelDomain' from project 'TravelDomain')

SwiftCompile normal arm64 /Users/apple/Documents/Swift/Travel-Companion/Packages/TravelDomain/Sources/TravelDomain/TravelDomain.swift (in target 'TravelDomain' from project 'TravelDomain')
    cd /Users/apple/Documents/Swift/Travel-Companion
    

SwiftCompile normal arm64 Compiling\ DestinationRepository.swift /Users/apple/Documents/Swift/Travel-Companion/Packages/TravelDomain/Sources/TravelDomain/DestinationRepository.swift (in target 'TravelDomain' from project 'TravelDomain')

SwiftCompile normal arm64 /Users/apple/Documents/Swift/Travel-Companion/Packages/TravelDomain/Sources/TravelDomain/DestinationRepository.swift (in target 'TravelDomain' from project 'TravelDomain')
    cd /Users/apple/Documents/Swift/Travel-Companion
    

SwiftCompile normal arm64 Compiling\ Destination.swift /Users/apple/Documents/Swift/Travel-Companion/Packages/TravelDomain/Sources/TravelDomain/Destination.swift (in target 'TravelDomain' from project 'TravelDomain')

SwiftCompile normal arm64 /Users/apple/Documents/Swift/Travel-Companion/Packages/TravelDomain/Sources/TravelDomain/Destination.swift (in target 'TravelDomain' from project 'TravelDomain')
    cd /Users/apple/Documents/Swift/Travel-Companion
    

SwiftDriverJobDiscovery normal arm64 Compiling DestinationRepository.swift (in target 'TravelDomain' from project 'TravelDomain')

SwiftDriverJobDiscovery normal arm64 Compiling TravelDomain.swift (in target 'TravelDomain' from project 'TravelDomain')

SwiftDriverJobDiscovery normal arm64 Emitting module for TravelDomain (in target 'TravelDomain' from project 'TravelDomain')

SwiftDriver\ Compilation\ Requirements TravelDomain normal arm64 com.apple.xcode.tools.swift.compiler (in target 'TravelDomain' from project 'TravelDomain')
    cd /Users/apple/Documents/Swift/Travel-Companion
    builtin-Swift-Compilation-Requirements -- /Applications/Xcode.app/Contents/Developer/Toolchains/XcodeDefault.xctoolchain/usr/bin/swiftc -module-name TravelDomain -Onone -enforce-exclusivity\=checked @/Users/apple/Library/Developer/Xcode/DerivedData/TravelCompanion-hihrfrveyzcocrfaffonbtiylepz/Build/Intermediates.noindex/TravelDomain.build/Debug-iphonesimulator/TravelDomain.build/Objects-normal/arm64/TravelDomain.SwiftFileList -DSWIFT_PACKAGE -DDEBUG -DXcode -plugin-path /Applications/Xcode.app/Contents/Developer/Toolchains/XcodeDefault.xctoolchain/usr/lib/swift/host/plugins/testing -enable-experimental-feature DebugDescriptionMacro -sdk /Applications/Xcode.app/Contents/Developer/Platforms/iPhoneSimulator.platform/Developer/SDKs/iPhoneSimulator18.5.sdk -target arm64-apple-ios15.0-simulator -g -module-cache-path /Users/apple/Library/Developer/Xcode/DerivedData/ModuleCache.noindex -Xfrontend -serialize-debugging-options -profile-coverage-mapping -profile-generate -enable-testing -index-store-path /Users/apple/Library/Developer/Xcode/DerivedData/TravelCompanion-hihrfrveyzcocrfaffonbtiylepz/Index.noindex/DataStore -swift-version 5 -I /Users/apple/Library/Developer/Xcode/DerivedData/TravelCompanion-hihrfrveyzcocrfaffonbtiylepz/Build/Products/Debug-iphonesimulator -I /Applications/Xcode.app/Contents/Developer/Platforms/iPhoneSimulator.platform/Developer/usr/lib -F /Users/apple/Library/Developer/Xcode/DerivedData/TravelCompanion-hihrfrveyzcocrfaffonbtiylepz/Build/Products/Debug-iphonesimulator -F /Applications/Xcode.app/Contents/Developer/Platforms/iPhoneSimulator.platform/Developer/Library/Frameworks -F /Applications/Xcode.app/Contents/Developer/Platforms/iPhoneSimulator.platform/Developer/SDKs/iPhoneSimulator18.5.sdk/Developer/Library/Frameworks -c -j10 -enable-batch-mode -incremental -Xcc -ivfsstatcache -Xcc /Users/apple/Library/Developer/Xcode/DerivedData/SDKStatCaches.noindex/iphonesimulator18.5-22F76-d5fc8ad4295d2ef488fb7d0f804ce0c4.sdkstatcache -output-file-map /Users/apple/Library/Developer/Xcode/DerivedData/TravelCompanion-hihrfrveyzcocrfaffonbtiylepz/Build/Intermediates.noindex/TravelDomain.build/Debug-iphonesimulator/TravelDomain.build/Objects-normal/arm64/TravelDomain-OutputFileMap.json -use-frontend-parseable-output -save-temps -no-color-diagnostics -serialize-diagnostics -emit-dependencies -emit-module -emit-module-path /Users/apple/Library/Developer/Xcode/DerivedData/TravelCompanion-hihrfrveyzcocrfaffonbtiylepz/Build/Intermediates.noindex/TravelDomain.build/Debug-iphonesimulator/TravelDomain.build/Objects-normal/arm64/TravelDomain.swiftmodule -validate-clang-modules-once -clang-build-session-file /Users/apple/Library/Developer/Xcode/DerivedData/ModuleCache.noindex/Session.modulevalidation -package-name traveldomain -Xcc -I/Users/apple/Library/Developer/Xcode/DerivedData/TravelCompanion-hihrfrveyzcocrfaffonbtiylepz/Build/Intermediates.noindex/TravelDomain.build/Debug-iphonesimulator/TravelDomain.build/swift-overrides.hmap -emit-const-values -Xfrontend -const-gather-protocols-file -Xfrontend /Users/apple/Library/Developer/Xcode/DerivedData/TravelCompanion-hihrfrveyzcocrfaffonbtiylepz/Build/Intermediates.noindex/TravelDomain.build/Debug-iphonesimulator/TravelDomain.build/Objects-normal/arm64/TravelDomain_const_extract_protocols.json -Xcc -I/Users/apple/Library/Developer/Xcode/DerivedData/TravelCompanion-hihrfrveyzcocrfaffonbtiylepz/Build/Products/Debug-iphonesimulator/include -Xcc -I/Users/apple/Library/Developer/Xcode/DerivedData/TravelCompanion-hihrfrveyzcocrfaffonbtiylepz/Build/Intermediates.noindex/TravelDomain.build/Debug-iphonesimulator/TravelDomain.build/DerivedSources-normal/arm64 -Xcc -I/Users/apple/Library/Developer/Xcode/DerivedData/TravelCompanion-hihrfrveyzcocrfaffonbtiylepz/Build/Intermediates.noindex/TravelDomain.build/Debug-iphonesimulator/TravelDomain.build/DerivedSources/arm64 -Xcc -I/Users/apple/Library/Developer/Xcode/DerivedData/TravelCompanion-hihrfrveyzcocrfaffonbtiylepz/Build/Intermediates.noindex/TravelDomain.build/Debug-iphonesimulator/TravelDomain.build/DerivedSources -Xcc -DSWIFT_PACKAGE -Xcc -DDEBUG\=1 -emit-objc-header -emit-objc-header-path /Users/apple/Library/Developer/Xcode/DerivedData/TravelCompanion-hihrfrveyzcocrfaffonbtiylepz/Build/Intermediates.noindex/TravelDomain.build/Debug-iphonesimulator/TravelDomain.build/Objects-normal/arm64/TravelDomain-Swift.h -working-directory /Users/apple/Documents/Swift/Travel-Companion -experimental-emit-module-separately -disable-cmo

SwiftMergeGeneratedHeaders /Users/apple/Library/Developer/Xcode/DerivedData/TravelCompanion-hihrfrveyzcocrfaffonbtiylepz/Build/Intermediates.noindex/GeneratedModuleMaps-iphonesimulator/TravelDomain-Swift.h /Users/apple/Library/Developer/Xcode/DerivedData/TravelCompanion-hihrfrveyzcocrfaffonbtiylepz/Build/Intermediates.noindex/TravelDomain.build/Debug-iphonesimulator/TravelDomain.build/Objects-normal/arm64/TravelDomain-Swift.h (in target 'TravelDomain' from project 'TravelDomain')
    cd /Users/apple/Documents/Swift/Travel-Companion/Packages/TravelDomain
    builtin-swiftHeaderTool -arch arm64 /Users/apple/Library/Developer/Xcode/DerivedData/TravelCompanion-hihrfrveyzcocrfaffonbtiylepz/Build/Intermediates.noindex/TravelDomain.build/Debug-iphonesimulator/TravelDomain.build/Objects-normal/arm64/TravelDomain-Swift.h -o /Users/apple/Library/Developer/Xcode/DerivedData/TravelCompanion-hihrfrveyzcocrfaffonbtiylepz/Build/Intermediates.noindex/GeneratedModuleMaps-iphonesimulator/TravelDomain-Swift.h

Copy /Users/apple/Library/Developer/Xcode/DerivedData/TravelCompanion-hihrfrveyzcocrfaffonbtiylepz/Build/Products/Debug-iphonesimulator/TravelDomain.swiftmodule/arm64-apple-ios-simulator.swiftmodule /Users/apple/Library/Developer/Xcode/DerivedData/TravelCompanion-hihrfrveyzcocrfaffonbtiylepz/Build/Intermediates.noindex/TravelDomain.build/Debug-iphonesimulator/TravelDomain.build/Objects-normal/arm64/TravelDomain.swiftmodule (in target 'TravelDomain' from project 'TravelDomain')
    cd /Users/apple/Documents/Swift/Travel-Companion/Packages/TravelDomain
    builtin-copy -exclude .DS_Store -exclude CVS -exclude .svn -exclude .git -exclude .hg -resolve-src-symlinks -rename /Users/apple/Library/Developer/Xcode/DerivedData/TravelCompanion-hihrfrveyzcocrfaffonbtiylepz/Build/Intermediates.noindex/TravelDomain.build/Debug-iphonesimulator/TravelDomain.build/Objects-normal/arm64/TravelDomain.swiftmodule /Users/apple/Library/Developer/Xcode/DerivedData/TravelCompanion-hihrfrveyzcocrfaffonbtiylepz/Build/Products/Debug-iphonesimulator/TravelDomain.swiftmodule/arm64-apple-ios-simulator.swiftmodule

Copy /Users/apple/Library/Developer/Xcode/DerivedData/TravelCompanion-hihrfrveyzcocrfaffonbtiylepz/Build/Products/Debug-iphonesimulator/TravelDomain.swiftmodule/arm64-apple-ios-simulator.swiftdoc /Users/apple/Library/Developer/Xcode/DerivedData/TravelCompanion-hihrfrveyzcocrfaffonbtiylepz/Build/Intermediates.noindex/TravelDomain.build/Debug-iphonesimulator/TravelDomain.build/Objects-normal/arm64/TravelDomain.swiftdoc (in target 'TravelDomain' from project 'TravelDomain')
    cd /Users/apple/Documents/Swift/Travel-Companion/Packages/TravelDomain
    builtin-copy -exclude .DS_Store -exclude CVS -exclude .svn -exclude .git -exclude .hg -resolve-src-symlinks -rename /Users/apple/Library/Developer/Xcode/DerivedData/TravelCompanion-hihrfrveyzcocrfaffonbtiylepz/Build/Intermediates.noindex/TravelDomain.build/Debug-iphonesimulator/TravelDomain.build/Objects-normal/arm64/TravelDomain.swiftdoc /Users/apple/Library/Developer/Xcode/DerivedData/TravelCompanion-hihrfrveyzcocrfaffonbtiylepz/Build/Products/Debug-iphonesimulator/TravelDomain.swiftmodule/arm64-apple-ios-simulator.swiftdoc

Copy /Users/apple/Library/Developer/Xcode/DerivedData/TravelCompanion-hihrfrveyzcocrfaffonbtiylepz/Build/Products/Debug-iphonesimulator/TravelDomain.swiftmodule/arm64-apple-ios-simulator.abi.json /Users/apple/Library/Developer/Xcode/DerivedData/TravelCompanion-hihrfrveyzcocrfaffonbtiylepz/Build/Intermediates.noindex/TravelDomain.build/Debug-iphonesimulator/TravelDomain.build/Objects-normal/arm64/TravelDomain.abi.json (in target 'TravelDomain' from project 'TravelDomain')
    cd /Users/apple/Documents/Swift/Travel-Companion/Packages/TravelDomain
    builtin-copy -exclude .DS_Store -exclude CVS -exclude .svn -exclude .git -exclude .hg -resolve-src-symlinks -rename /Users/apple/Library/Developer/Xcode/DerivedData/TravelCompanion-hihrfrveyzcocrfaffonbtiylepz/Build/Intermediates.noindex/TravelDomain.build/Debug-iphonesimulator/TravelDomain.build/Objects-normal/arm64/TravelDomain.abi.json /Users/apple/Library/Developer/Xcode/DerivedData/TravelCompanion-hihrfrveyzcocrfaffonbtiylepz/Build/Products/Debug-iphonesimulator/TravelDomain.swiftmodule/arm64-apple-ios-simulator.abi.json

Copy /Users/apple/Library/Developer/Xcode/DerivedData/TravelCompanion-hihrfrveyzcocrfaffonbtiylepz/Build/Products/Debug-iphonesimulator/TravelDomain.swiftmodule/Project/arm64-apple-ios-simulator.swiftsourceinfo /Users/apple/Library/Developer/Xcode/DerivedData/TravelCompanion-hihrfrveyzcocrfaffonbtiylepz/Build/Intermediates.noindex/TravelDomain.build/Debug-iphonesimulator/TravelDomain.build/Objects-normal/arm64/TravelDomain.swiftsourceinfo (in target 'TravelDomain' from project 'TravelDomain')
    cd /Users/apple/Documents/Swift/Travel-Companion/Packages/TravelDomain
    builtin-copy -exclude .DS_Store -exclude CVS -exclude .svn -exclude .git -exclude .hg -resolve-src-symlinks -rename /Users/apple/Library/Developer/Xcode/DerivedData/TravelCompanion-hihrfrveyzcocrfaffonbtiylepz/Build/Intermediates.noindex/TravelDomain.build/Debug-iphonesimulator/TravelDomain.build/Objects-normal/arm64/TravelDomain.swiftsourceinfo /Users/apple/Library/Developer/Xcode/DerivedData/TravelCompanion-hihrfrveyzcocrfaffonbtiylepz/Build/Products/Debug-iphonesimulator/TravelDomain.swiftmodule/Project/arm64-apple-ios-simulator.swiftsourceinfo

SwiftDriver Networking normal arm64 com.apple.xcode.tools.swift.compiler (in target 'Networking' from project 'Networking')
    cd /Users/apple/Documents/Swift/Travel-Companion
    builtin-SwiftDriver -- /Applications/Xcode.app/Contents/Developer/Toolchains/XcodeDefault.xctoolchain/usr/bin/swiftc -module-name Networking -Onone -enforce-exclusivity\=checked @/Users/apple/Library/Developer/Xcode/DerivedData/TravelCompanion-hihrfrveyzcocrfaffonbtiylepz/Build/Intermediates.noindex/Networking.build/Debug-iphonesimulator/Networking.build/Objects-normal/arm64/Networking.SwiftFileList -DSWIFT_PACKAGE -DDEBUG -DXcode -plugin-path /Applications/Xcode.app/Contents/Developer/Toolchains/XcodeDefault.xctoolchain/usr/lib/swift/host/plugins/testing -enable-experimental-feature DebugDescriptionMacro -sdk /Applications/Xcode.app/Contents/Developer/Platforms/iPhoneSimulator.platform/Developer/SDKs/iPhoneSimulator18.5.sdk -target arm64-apple-ios15.0-simulator -g -module-cache-path /Users/apple/Library/Developer/Xcode/DerivedData/ModuleCache.noindex -Xfrontend -serialize-debugging-options -profile-coverage-mapping -profile-generate -enable-testing -index-store-path /Users/apple/Library/Developer/Xcode/DerivedData/TravelCompanion-hihrfrveyzcocrfaffonbtiylepz/Index.noindex/DataStore -swift-version 5 -I /Users/apple/Library/Developer/Xcode/DerivedData/TravelCompanion-hihrfrveyzcocrfaffonbtiylepz/Build/Products/Debug-iphonesimulator -I /Applications/Xcode.app/Contents/Developer/Platforms/iPhoneSimulator.platform/Developer/usr/lib -F /Users/apple/Library/Developer/Xcode/DerivedData/TravelCompanion-hihrfrveyzcocrfaffonbtiylepz/Build/Products/Debug-iphonesimulator/PackageFrameworks -F /Users/apple/Library/Developer/Xcode/DerivedData/TravelCompanion-hihrfrveyzcocrfaffonbtiylepz/Build/Products/Debug-iphonesimulator -F /Applications/Xcode.app/Contents/Developer/Platforms/iPhoneSimulator.platform/Developer/Library/Frameworks -F /Applications/Xcode.app/Contents/Developer/Platforms/iPhoneSimulator.platform/Developer/SDKs/iPhoneSimulator18.5.sdk/Developer/Library/Frameworks -c -j10 -enable-batch-mode -incremental -Xcc -ivfsstatcache -Xcc /Users/apple/Library/Developer/Xcode/DerivedData/SDKStatCaches.noindex/iphonesimulator18.5-22F76-d5fc8ad4295d2ef488fb7d0f804ce0c4.sdkstatcache -output-file-map /Users/apple/Library/Developer/Xcode/DerivedData/TravelCompanion-hihrfrveyzcocrfaffonbtiylepz/Build/Intermediates.noindex/Networking.build/Debug-iphonesimulator/Networking.build/Objects-normal/arm64/Networking-OutputFileMap.json -use-frontend-parseable-output -save-temps -no-color-diagnostics -serialize-diagnostics -emit-dependencies -emit-module -emit-module-path /Users/apple/Library/Developer/Xcode/DerivedData/TravelCompanion-hihrfrveyzcocrfaffonbtiylepz/Build/Intermediates.noindex/Networking.build/Debug-iphonesimulator/Networking.build/Objects-normal/arm64/Networking.swiftmodule -validate-clang-modules-once -clang-build-session-file /Users/apple/Library/Developer/Xcode/DerivedData/ModuleCache.noindex/Session.modulevalidation -package-name networking -Xcc -I/Users/apple/Library/Developer/Xcode/DerivedData/TravelCompanion-hihrfrveyzcocrfaffonbtiylepz/Build/Intermediates.noindex/Networking.build/Debug-iphonesimulator/Networking.build/swift-overrides.hmap -emit-const-values -Xfrontend -const-gather-protocols-file -Xfrontend /Users/apple/Library/Developer/Xcode/DerivedData/TravelCompanion-hihrfrveyzcocrfaffonbtiylepz/Build/Intermediates.noindex/Networking.build/Debug-iphonesimulator/Networking.build/Objects-normal/arm64/Networking_const_extract_protocols.json -Xcc -I/Users/apple/Library/Developer/Xcode/DerivedData/TravelCompanion-hihrfrveyzcocrfaffonbtiylepz/Build/Products/Debug-iphonesimulator/include -Xcc -I/Users/apple/Library/Developer/Xcode/DerivedData/TravelCompanion-hihrfrveyzcocrfaffonbtiylepz/Build/Intermediates.noindex/Networking.build/Debug-iphonesimulator/Networking.build/DerivedSources-normal/arm64 -Xcc -I/Users/apple/Library/Developer/Xcode/DerivedData/TravelCompanion-hihrfrveyzcocrfaffonbtiylepz/Build/Intermediates.noindex/Networking.build/Debug-iphonesimulator/Networking.build/DerivedSources/arm64 -Xcc -I/Users/apple/Library/Developer/Xcode/DerivedData/TravelCompanion-hihrfrveyzcocrfaffonbtiylepz/Build/Intermediates.noindex/Networking.build/Debug-iphonesimulator/Networking.build/DerivedSources -Xcc -DSWIFT_PACKAGE -Xcc -DDEBUG\=1 -emit-objc-header -emit-objc-header-path /Users/apple/Library/Developer/Xcode/DerivedData/TravelCompanion-hihrfrveyzcocrfaffonbtiylepz/Build/Intermediates.noindex/Networking.build/Debug-iphonesimulator/Networking.build/Objects-normal/arm64/Networking-Swift.h -working-directory /Users/apple/Documents/Swift/Travel-Companion -experimental-emit-module-separately -disable-cmo

SwiftDriverJobDiscovery normal arm64 Compiling Utilities.swift (in target 'Utilities' from project 'Utilities')

SwiftDriverJobDiscovery normal arm64 Emitting module for Utilities (in target 'Utilities' from project 'Utilities')

SwiftDriver\ Compilation\ Requirements Utilities normal arm64 com.apple.xcode.tools.swift.compiler (in target 'Utilities' from project 'Utilities')
    cd /Users/apple/Documents/Swift/Travel-Companion
    builtin-Swift-Compilation-Requirements -- /Applications/Xcode.app/Contents/Developer/Toolchains/XcodeDefault.xctoolchain/usr/bin/swiftc -module-name Utilities -Onone -enforce-exclusivity\=checked @/Users/apple/Library/Developer/Xcode/DerivedData/TravelCompanion-hihrfrveyzcocrfaffonbtiylepz/Build/Intermediates.noindex/Utilities.build/Debug-iphonesimulator/Utilities.build/Objects-normal/arm64/Utilities.SwiftFileList -DSWIFT_PACKAGE -DDEBUG -DXcode -plugin-path /Applications/Xcode.app/Contents/Developer/Toolchains/XcodeDefault.xctoolchain/usr/lib/swift/host/plugins/testing -enable-experimental-feature DebugDescriptionMacro -sdk /Applications/Xcode.app/Contents/Developer/Platforms/iPhoneSimulator.platform/Developer/SDKs/iPhoneSimulator18.5.sdk -target arm64-apple-ios15.0-simulator -g -module-cache-path /Users/apple/Library/Developer/Xcode/DerivedData/ModuleCache.noindex -Xfrontend -serialize-debugging-options -profile-coverage-mapping -profile-generate -enable-testing -suppress-warnings -index-store-path /Users/apple/Library/Developer/Xcode/DerivedData/TravelCompanion-hihrfrveyzcocrfaffonbtiylepz/Index.noindex/DataStore -swift-version 5 -I /Users/apple/Library/Developer/Xcode/DerivedData/TravelCompanion-hihrfrveyzcocrfaffonbtiylepz/Build/Products/Debug-iphonesimulator -I /Applications/Xcode.app/Contents/Developer/Platforms/iPhoneSimulator.platform/Developer/usr/lib -F /Users/apple/Library/Developer/Xcode/DerivedData/TravelCompanion-hihrfrveyzcocrfaffonbtiylepz/Build/Products/Debug-iphonesimulator -F /Applications/Xcode.app/Contents/Developer/Platforms/iPhoneSimulator.platform/Developer/Library/Frameworks -F /Applications/Xcode.app/Contents/Developer/Platforms/iPhoneSimulator.platform/Developer/SDKs/iPhoneSimulator18.5.sdk/Developer/Library/Frameworks -c -j10 -enable-batch-mode -incremental -Xcc -ivfsstatcache -Xcc /Users/apple/Library/Developer/Xcode/DerivedData/SDKStatCaches.noindex/iphonesimulator18.5-22F76-d5fc8ad4295d2ef488fb7d0f804ce0c4.sdkstatcache -output-file-map /Users/apple/Library/Developer/Xcode/DerivedData/TravelCompanion-hihrfrveyzcocrfaffonbtiylepz/Build/Intermediates.noindex/Utilities.build/Debug-iphonesimulator/Utilities.build/Objects-normal/arm64/Utilities-OutputFileMap.json -use-frontend-parseable-output -save-temps -no-color-diagnostics -serialize-diagnostics -emit-dependencies -emit-module -emit-module-path /Users/apple/Library/Developer/Xcode/DerivedData/TravelCompanion-hihrfrveyzcocrfaffonbtiylepz/Build/Intermediates.noindex/Utilities.build/Debug-iphonesimulator/Utilities.build/Objects-normal/arm64/Utilities.swiftmodule -validate-clang-modules-once -clang-build-session-file /Users/apple/Library/Developer/Xcode/DerivedData/ModuleCache.noindex/Session.modulevalidation -package-name utilities -Xcc -I/Users/apple/Library/Developer/Xcode/DerivedData/TravelCompanion-hihrfrveyzcocrfaffonbtiylepz/Build/Intermediates.noindex/Utilities.build/Debug-iphonesimulator/Utilities.build/swift-overrides.hmap -emit-const-values -Xfrontend -const-gather-protocols-file -Xfrontend /Users/apple/Library/Developer/Xcode/DerivedData/TravelCompanion-hihrfrveyzcocrfaffonbtiylepz/Build/Intermediates.noindex/Utilities.build/Debug-iphonesimulator/Utilities.build/Objects-normal/arm64/Utilities_const_extract_protocols.json -Xcc -I/Users/apple/Library/Developer/Xcode/DerivedData/TravelCompanion-hihrfrveyzcocrfaffonbtiylepz/Build/Products/Debug-iphonesimulator/include -Xcc -I/Users/apple/Library/Developer/Xcode/DerivedData/TravelCompanion-hihrfrveyzcocrfaffonbtiylepz/Build/Intermediates.noindex/Utilities.build/Debug-iphonesimulator/Utilities.build/DerivedSources-normal/arm64 -Xcc -I/Users/apple/Library/Developer/Xcode/DerivedData/TravelCompanion-hihrfrveyzcocrfaffonbtiylepz/Build/Intermediates.noindex/Utilities.build/Debug-iphonesimulator/Utilities.build/DerivedSources/arm64 -Xcc -I/Users/apple/Library/Developer/Xcode/DerivedData/TravelCompanion-hihrfrveyzcocrfaffonbtiylepz/Build/Intermediates.noindex/Utilities.build/Debug-iphonesimulator/Utilities.build/DerivedSources -Xcc -DSWIFT_PACKAGE -Xcc -DDEBUG\=1 -emit-objc-header -emit-objc-header-path /Users/apple/Library/Developer/Xcode/DerivedData/TravelCompanion-hihrfrveyzcocrfaffonbtiylepz/Build/Intermediates.noindex/Utilities.build/Debug-iphonesimulator/Utilities.build/Objects-normal/arm64/Utilities-Swift.h -working-directory /Users/apple/Documents/Swift/Travel-Companion -experimental-emit-module-separately -disable-cmo

SwiftDriverJobDiscovery normal arm64 Compiling Untitled.swift (in target 'Utilities' from project 'Utilities')

SwiftMergeGeneratedHeaders /Users/apple/Library/Developer/Xcode/DerivedData/TravelCompanion-hihrfrveyzcocrfaffonbtiylepz/Build/Intermediates.noindex/GeneratedModuleMaps-iphonesimulator/Utilities-Swift.h /Users/apple/Library/Developer/Xcode/DerivedData/TravelCompanion-hihrfrveyzcocrfaffonbtiylepz/Build/Intermediates.noindex/Utilities.build/Debug-iphonesimulator/Utilities.build/Objects-normal/arm64/Utilities-Swift.h (in target 'Utilities' from project 'Utilities')
    cd /Users/apple/Documents/Swift/Travel-Companion/Packages/Utilities
    builtin-swiftHeaderTool -arch arm64 /Users/apple/Library/Developer/Xcode/DerivedData/TravelCompanion-hihrfrveyzcocrfaffonbtiylepz/Build/Intermediates.noindex/Utilities.build/Debug-iphonesimulator/Utilities.build/Objects-normal/arm64/Utilities-Swift.h -o /Users/apple/Library/Developer/Xcode/DerivedData/TravelCompanion-hihrfrveyzcocrfaffonbtiylepz/Build/Intermediates.noindex/GeneratedModuleMaps-iphonesimulator/Utilities-Swift.h

Copy /Users/apple/Library/Developer/Xcode/DerivedData/TravelCompanion-hihrfrveyzcocrfaffonbtiylepz/Build/Products/Debug-iphonesimulator/Utilities.swiftmodule/arm64-apple-ios-simulator.swiftmodule /Users/apple/Library/Developer/Xcode/DerivedData/TravelCompanion-hihrfrveyzcocrfaffonbtiylepz/Build/Intermediates.noindex/Utilities.build/Debug-iphonesimulator/Utilities.build/Objects-normal/arm64/Utilities.swiftmodule (in target 'Utilities' from project 'Utilities')
    cd /Users/apple/Documents/Swift/Travel-Companion/Packages/Utilities
    builtin-copy -exclude .DS_Store -exclude CVS -exclude .svn -exclude .git -exclude .hg -resolve-src-symlinks -rename /Users/apple/Library/Developer/Xcode/DerivedData/TravelCompanion-hihrfrveyzcocrfaffonbtiylepz/Build/Intermediates.noindex/Utilities.build/Debug-iphonesimulator/Utilities.build/Objects-normal/arm64/Utilities.swiftmodule /Users/apple/Library/Developer/Xcode/DerivedData/TravelCompanion-hihrfrveyzcocrfaffonbtiylepz/Build/Products/Debug-iphonesimulator/Utilities.swiftmodule/arm64-apple-ios-simulator.swiftmodule

Copy /Users/apple/Library/Developer/Xcode/DerivedData/TravelCompanion-hihrfrveyzcocrfaffonbtiylepz/Build/Products/Debug-iphonesimulator/Utilities.swiftmodule/arm64-apple-ios-simulator.swiftdoc /Users/apple/Library/Developer/Xcode/DerivedData/TravelCompanion-hihrfrveyzcocrfaffonbtiylepz/Build/Intermediates.noindex/Utilities.build/Debug-iphonesimulator/Utilities.build/Objects-normal/arm64/Utilities.swiftdoc (in target 'Utilities' from project 'Utilities')
    cd /Users/apple/Documents/Swift/Travel-Companion/Packages/Utilities
    builtin-copy -exclude .DS_Store -exclude CVS -exclude .svn -exclude .git -exclude .hg -resolve-src-symlinks -rename /Users/apple/Library/Developer/Xcode/DerivedData/TravelCompanion-hihrfrveyzcocrfaffonbtiylepz/Build/Intermediates.noindex/Utilities.build/Debug-iphonesimulator/Utilities.build/Objects-normal/arm64/Utilities.swiftdoc /Users/apple/Library/Developer/Xcode/DerivedData/TravelCompanion-hihrfrveyzcocrfaffonbtiylepz/Build/Products/Debug-iphonesimulator/Utilities.swiftmodule/arm64-apple-ios-simulator.swiftdoc

Copy /Users/apple/Library/Developer/Xcode/DerivedData/TravelCompanion-hihrfrveyzcocrfaffonbtiylepz/Build/Products/Debug-iphonesimulator/Utilities.swiftmodule/arm64-apple-ios-simulator.abi.json /Users/apple/Library/Developer/Xcode/DerivedData/TravelCompanion-hihrfrveyzcocrfaffonbtiylepz/Build/Intermediates.noindex/Utilities.build/Debug-iphonesimulator/Utilities.build/Objects-normal/arm64/Utilities.abi.json (in target 'Utilities' from project 'Utilities')
    cd /Users/apple/Documents/Swift/Travel-Companion/Packages/Utilities
    builtin-copy -exclude .DS_Store -exclude CVS -exclude .svn -exclude .git -exclude .hg -resolve-src-symlinks -rename /Users/apple/Library/Developer/Xcode/DerivedData/TravelCompanion-hihrfrveyzcocrfaffonbtiylepz/Build/Intermediates.noindex/Utilities.build/Debug-iphonesimulator/Utilities.build/Objects-normal/arm64/Utilities.abi.json /Users/apple/Library/Developer/Xcode/DerivedData/TravelCompanion-hihrfrveyzcocrfaffonbtiylepz/Build/Products/Debug-iphonesimulator/Utilities.swiftmodule/arm64-apple-ios-simulator.abi.json

Copy /Users/apple/Library/Developer/Xcode/DerivedData/TravelCompanion-hihrfrveyzcocrfaffonbtiylepz/Build/Products/Debug-iphonesimulator/Utilities.swiftmodule/Project/arm64-apple-ios-simulator.swiftsourceinfo /Users/apple/Library/Developer/Xcode/DerivedData/TravelCompanion-hihrfrveyzcocrfaffonbtiylepz/Build/Intermediates.noindex/Utilities.build/Debug-iphonesimulator/Utilities.build/Objects-normal/arm64/Utilities.swiftsourceinfo (in target 'Utilities' from project 'Utilities')
    cd /Users/apple/Documents/Swift/Travel-Companion/Packages/Utilities
    builtin-copy -exclude .DS_Store -exclude CVS -exclude .svn -exclude .git -exclude .hg -resolve-src-symlinks -rename /Users/apple/Library/Developer/Xcode/DerivedData/TravelCompanion-hihrfrveyzcocrfaffonbtiylepz/Build/Intermediates.noindex/Utilities.build/Debug-iphonesimulator/Utilities.build/Objects-normal/arm64/Utilities.swiftsourceinfo /Users/apple/Library/Developer/Xcode/DerivedData/TravelCompanion-hihrfrveyzcocrfaffonbtiylepz/Build/Products/Debug-iphonesimulator/Utilities.swiftmodule/Project/arm64-apple-ios-simulator.swiftsourceinfo

SwiftCompile normal arm64 Compiling\ MockDestinationRepository.swift /Users/apple/Documents/Swift/Travel-Companion/Packages/Networking/Sources/Networking/MockDestinationRepository.swift (in target 'Networking' from project 'Networking')

SwiftCompile normal arm64 /Users/apple/Documents/Swift/Travel-Companion/Packages/Networking/Sources/Networking/MockDestinationRepository.swift (in target 'Networking' from project 'Networking')
    cd /Users/apple/Documents/Swift/Travel-Companion
    

SwiftEmitModule normal arm64 Emitting\ module\ for\ Networking (in target 'Networking' from project 'Networking')

EmitSwiftModule normal arm64 (in target 'Networking' from project 'Networking')
    cd /Users/apple/Documents/Swift/Travel-Companion
    

SwiftCompile normal arm64 Compiling\ APIClient.swift /Users/apple/Documents/Swift/Travel-Companion/Packages/Networking/Sources/Networking/APIClient.swift (in target 'Networking' from project 'Networking')
SwiftCompile normal arm64 /Users/apple/Documents/Swift/Travel-Companion/Packages/Networking/Sources/Networking/APIClient.swift (in target 'Networking' from project 'Networking')
    cd /Users/apple/Documents/Swift/Travel-Companion
    

SwiftCompile normal arm64 Compiling\ Networking.swift /Users/apple/Documents/Swift/Travel-Companion/Packages/Networking/Sources/Networking/Networking.swift (in target 'Networking' from project 'Networking')

SwiftCompile normal arm64 /Users/apple/Documents/Swift/Travel-Companion/Packages/Networking/Sources/Networking/Networking.swift (in target 'Networking' from project 'Networking')
    cd /Users/apple/Documents/Swift/Travel-Companion
    

SwiftCompile normal arm64 Compiling\ DestinationAPI.swift /Users/apple/Documents/Swift/Travel-Companion/Packages/Networking/Sources/Networking/DestinationAPI.swift (in target 'Networking' from project 'Networking')
SwiftCompile normal arm64 /Users/apple/Documents/Swift/Travel-Companion/Packages/Networking/Sources/Networking/DestinationAPI.swift (in target 'Networking' from project 'Networking')
    cd /Users/apple/Documents/Swift/Travel-Companion
    

SwiftDriverJobDiscovery normal arm64 Compiling Trip.swift (in target 'TravelDomain' from project 'TravelDomain')

SwiftDriverJobDiscovery normal arm64 Compiling Logger.swift (in target 'Utilities' from project 'Utilities')

SwiftDriverJobDiscovery normal arm64 Compiling Destination.swift (in target 'TravelDomain' from project 'TravelDomain')

SwiftDriver\ Compilation TravelDomain normal arm64 com.apple.xcode.tools.swift.compiler (in target 'TravelDomain' from project 'TravelDomain')
    cd /Users/apple/Documents/Swift/Travel-Companion
    builtin-Swift-Compilation -- /Applications/Xcode.app/Contents/Developer/Toolchains/XcodeDefault.xctoolchain/usr/bin/swiftc -module-name TravelDomain -Onone -enforce-exclusivity\=checked @/Users/apple/Library/Developer/Xcode/DerivedData/TravelCompanion-hihrfrveyzcocrfaffonbtiylepz/Build/Intermediates.noindex/TravelDomain.build/Debug-iphonesimulator/TravelDomain.build/Objects-normal/arm64/TravelDomain.SwiftFileList -DSWIFT_PACKAGE -DDEBUG -DXcode -plugin-path /Applications/Xcode.app/Contents/Developer/Toolchains/XcodeDefault.xctoolchain/usr/lib/swift/host/plugins/testing -enable-experimental-feature DebugDescriptionMacro -sdk /Applications/Xcode.app/Contents/Developer/Platforms/iPhoneSimulator.platform/Developer/SDKs/iPhoneSimulator18.5.sdk -target arm64-apple-ios15.0-simulator -g -module-cache-path /Users/apple/Library/Developer/Xcode/DerivedData/ModuleCache.noindex -Xfrontend -serialize-debugging-options -profile-coverage-mapping -profile-generate -enable-testing -index-store-path /Users/apple/Library/Developer/Xcode/DerivedData/TravelCompanion-hihrfrveyzcocrfaffonbtiylepz/Index.noindex/DataStore -swift-version 5 -I /Users/apple/Library/Developer/Xcode/DerivedData/TravelCompanion-hihrfrveyzcocrfaffonbtiylepz/Build/Products/Debug-iphonesimulator -I /Applications/Xcode.app/Contents/Developer/Platforms/iPhoneSimulator.platform/Developer/usr/lib -F /Users/apple/Library/Developer/Xcode/DerivedData/TravelCompanion-hihrfrveyzcocrfaffonbtiylepz/Build/Products/Debug-iphonesimulator -F /Applications/Xcode.app/Contents/Developer/Platforms/iPhoneSimulator.platform/Developer/Library/Frameworks -F /Applications/Xcode.app/Contents/Developer/Platforms/iPhoneSimulator.platform/Developer/SDKs/iPhoneSimulator18.5.sdk/Developer/Library/Frameworks -c -j10 -enable-batch-mode -incremental -Xcc -ivfsstatcache -Xcc /Users/apple/Library/Developer/Xcode/DerivedData/SDKStatCaches.noindex/iphonesimulator18.5-22F76-d5fc8ad4295d2ef488fb7d0f804ce0c4.sdkstatcache -output-file-map /Users/apple/Library/Developer/Xcode/DerivedData/TravelCompanion-hihrfrveyzcocrfaffonbtiylepz/Build/Intermediates.noindex/TravelDomain.build/Debug-iphonesimulator/TravelDomain.build/Objects-normal/arm64/TravelDomain-OutputFileMap.json -use-frontend-parseable-output -save-temps -no-color-diagnostics -serialize-diagnostics -emit-dependencies -emit-module -emit-module-path /Users/apple/Library/Developer/Xcode/DerivedData/TravelCompanion-hihrfrveyzcocrfaffonbtiylepz/Build/Intermediates.noindex/TravelDomain.build/Debug-iphonesimulator/TravelDomain.build/Objects-normal/arm64/TravelDomain.swiftmodule -validate-clang-modules-once -clang-build-session-file /Users/apple/Library/Developer/Xcode/DerivedData/ModuleCache.noindex/Session.modulevalidation -package-name traveldomain -Xcc -I/Users/apple/Library/Developer/Xcode/DerivedData/TravelCompanion-hihrfrveyzcocrfaffonbtiylepz/Build/Intermediates.noindex/TravelDomain.build/Debug-iphonesimulator/TravelDomain.build/swift-overrides.hmap -emit-const-values -Xfrontend -const-gather-protocols-file -Xfrontend /Users/apple/Library/Developer/Xcode/DerivedData/TravelCompanion-hihrfrveyzcocrfaffonbtiylepz/Build/Intermediates.noindex/TravelDomain.build/Debug-iphonesimulator/TravelDomain.build/Objects-normal/arm64/TravelDomain_const_extract_protocols.json -Xcc -I/Users/apple/Library/Developer/Xcode/DerivedData/TravelCompanion-hihrfrveyzcocrfaffonbtiylepz/Build/Products/Debug-iphonesimulator/include -Xcc -I/Users/apple/Library/Developer/Xcode/DerivedData/TravelCompanion-hihrfrveyzcocrfaffonbtiylepz/Build/Intermediates.noindex/TravelDomain.build/Debug-iphonesimulator/TravelDomain.build/DerivedSources-normal/arm64 -Xcc -I/Users/apple/Library/Developer/Xcode/DerivedData/TravelCompanion-hihrfrveyzcocrfaffonbtiylepz/Build/Intermediates.noindex/TravelDomain.build/Debug-iphonesimulator/TravelDomain.build/DerivedSources/arm64 -Xcc -I/Users/apple/Library/Developer/Xcode/DerivedData/TravelCompanion-hihrfrveyzcocrfaffonbtiylepz/Build/Intermediates.noindex/TravelDomain.build/Debug-iphonesimulator/TravelDomain.build/DerivedSources -Xcc -DSWIFT_PACKAGE -Xcc -DDEBUG\=1 -emit-objc-header -emit-objc-header-path /Users/apple/Library/Developer/Xcode/DerivedData/TravelCompanion-hihrfrveyzcocrfaffonbtiylepz/Build/Intermediates.noindex/TravelDomain.build/Debug-iphonesimulator/TravelDomain.build/Objects-normal/arm64/TravelDomain-Swift.h -working-directory /Users/apple/Documents/Swift/Travel-Companion -experimental-emit-module-separately -disable-cmo

SwiftDriverJobDiscovery normal arm64 Compiling runner.swift (in target 'Utilities' from project 'Utilities')

SwiftDriver\ Compilation Utilities normal arm64 com.apple.xcode.tools.swift.compiler (in target 'Utilities' from project 'Utilities')
    cd /Users/apple/Documents/Swift/Travel-Companion
    builtin-Swift-Compilation -- /Applications/Xcode.app/Contents/Developer/Toolchains/XcodeDefault.xctoolchain/usr/bin/swiftc -module-name Utilities -Onone -enforce-exclusivity\=checked @/Users/apple/Library/Developer/Xcode/DerivedData/TravelCompanion-hihrfrveyzcocrfaffonbtiylepz/Build/Intermediates.noindex/Utilities.build/Debug-iphonesimulator/Utilities.build/Objects-normal/arm64/Utilities.SwiftFileList -DSWIFT_PACKAGE -DDEBUG -DXcode -plugin-path /Applications/Xcode.app/Contents/Developer/Toolchains/XcodeDefault.xctoolchain/usr/lib/swift/host/plugins/testing -enable-experimental-feature DebugDescriptionMacro -sdk /Applications/Xcode.app/Contents/Developer/Platforms/iPhoneSimulator.platform/Developer/SDKs/iPhoneSimulator18.5.sdk -target arm64-apple-ios15.0-simulator -g -module-cache-path /Users/apple/Library/Developer/Xcode/DerivedData/ModuleCache.noindex -Xfrontend -serialize-debugging-options -profile-coverage-mapping -profile-generate -enable-testing -suppress-warnings -index-store-path /Users/apple/Library/Developer/Xcode/DerivedData/TravelCompanion-hihrfrveyzcocrfaffonbtiylepz/Index.noindex/DataStore -swift-version 5 -I /Users/apple/Library/Developer/Xcode/DerivedData/TravelCompanion-hihrfrveyzcocrfaffonbtiylepz/Build/Products/Debug-iphonesimulator -I /Applications/Xcode.app/Contents/Developer/Platforms/iPhoneSimulator.platform/Developer/usr/lib -F /Users/apple/Library/Developer/Xcode/DerivedData/TravelCompanion-hihrfrveyzcocrfaffonbtiylepz/Build/Products/Debug-iphonesimulator -F /Applications/Xcode.app/Contents/Developer/Platforms/iPhoneSimulator.platform/Developer/Library/Frameworks -F /Applications/Xcode.app/Contents/Developer/Platforms/iPhoneSimulator.platform/Developer/SDKs/iPhoneSimulator18.5.sdk/Developer/Library/Frameworks -c -j10 -enable-batch-mode -incremental -Xcc -ivfsstatcache -Xcc /Users/apple/Library/Developer/Xcode/DerivedData/SDKStatCaches.noindex/iphonesimulator18.5-22F76-d5fc8ad4295d2ef488fb7d0f804ce0c4.sdkstatcache -output-file-map /Users/apple/Library/Developer/Xcode/DerivedData/TravelCompanion-hihrfrveyzcocrfaffonbtiylepz/Build/Intermediates.noindex/Utilities.build/Debug-iphonesimulator/Utilities.build/Objects-normal/arm64/Utilities-OutputFileMap.json -use-frontend-parseable-output -save-temps -no-color-diagnostics -serialize-diagnostics -emit-dependencies -emit-module -emit-module-path /Users/apple/Library/Developer/Xcode/DerivedData/TravelCompanion-hihrfrveyzcocrfaffonbtiylepz/Build/Intermediates.noindex/Utilities.build/Debug-iphonesimulator/Utilities.build/Objects-normal/arm64/Utilities.swiftmodule -validate-clang-modules-once -clang-build-session-file /Users/apple/Library/Developer/Xcode/DerivedData/ModuleCache.noindex/Session.modulevalidation -package-name utilities -Xcc -I/Users/apple/Library/Developer/Xcode/DerivedData/TravelCompanion-hihrfrveyzcocrfaffonbtiylepz/Build/Intermediates.noindex/Utilities.build/Debug-iphonesimulator/Utilities.build/swift-overrides.hmap -emit-const-values -Xfrontend -const-gather-protocols-file -Xfrontend /Users/apple/Library/Developer/Xcode/DerivedData/TravelCompanion-hihrfrveyzcocrfaffonbtiylepz/Build/Intermediates.noindex/Utilities.build/Debug-iphonesimulator/Utilities.build/Objects-normal/arm64/Utilities_const_extract_protocols.json -Xcc -I/Users/apple/Library/Developer/Xcode/DerivedData/TravelCompanion-hihrfrveyzcocrfaffonbtiylepz/Build/Products/Debug-iphonesimulator/include -Xcc -I/Users/apple/Library/Developer/Xcode/DerivedData/TravelCompanion-hihrfrveyzcocrfaffonbtiylepz/Build/Intermediates.noindex/Utilities.build/Debug-iphonesimulator/Utilities.build/DerivedSources-normal/arm64 -Xcc -I/Users/apple/Library/Developer/Xcode/DerivedData/TravelCompanion-hihrfrveyzcocrfaffonbtiylepz/Build/Intermediates.noindex/Utilities.build/Debug-iphonesimulator/Utilities.build/DerivedSources/arm64 -Xcc -I/Users/apple/Library/Developer/Xcode/DerivedData/TravelCompanion-hihrfrveyzcocrfaffonbtiylepz/Build/Intermediates.noindex/Utilities.build/Debug-iphonesimulator/Utilities.build/DerivedSources -Xcc -DSWIFT_PACKAGE -Xcc -DDEBUG\=1 -emit-objc-header -emit-objc-header-path /Users/apple/Library/Developer/Xcode/DerivedData/TravelCompanion-hihrfrveyzcocrfaffonbtiylepz/Build/Intermediates.noindex/Utilities.build/Debug-iphonesimulator/Utilities.build/Objects-normal/arm64/Utilities-Swift.h -working-directory /Users/apple/Documents/Swift/Travel-Companion -experimental-emit-module-separately -disable-cmo

Ld /Users/apple/Library/Developer/Xcode/DerivedData/TravelCompanion-hihrfrveyzcocrfaffonbtiylepz/Build/Products/Debug-iphonesimulator/TravelDomain.o normal (in target 'TravelDomain' from project 'TravelDomain')
    cd /Users/apple/Documents/Swift/Travel-Companion/Packages/TravelDomain
    /Applications/Xcode.app/Contents/Developer/Toolchains/XcodeDefault.xctoolchain/usr/bin/clang -Xlinker -reproducible -target arm64-apple-ios15.0-simulator -r -isysroot /Applications/Xcode.app/Contents/Developer/Platforms/iPhoneSimulator.platform/Developer/SDKs/iPhoneSimulator18.5.sdk -O0 -L/Users/apple/Library/Developer/Xcode/DerivedData/TravelCompanion-hihrfrveyzcocrfaffonbtiylepz/Build/Intermediates.noindex/EagerLinkingTBDs/Debug-iphonesimulator -L/Users/apple/Library/Developer/Xcode/DerivedData/TravelCompanion-hihrfrveyzcocrfaffonbtiylepz/Build/Products/Debug-iphonesimulator -L/Applications/Xcode.app/Contents/Developer/Platforms/iPhoneSimulator.platform/Developer/usr/lib -F/Users/apple/Library/Developer/Xcode/DerivedData/TravelCompanion-hihrfrveyzcocrfaffonbtiylepz/Build/Intermediates.noindex/EagerLinkingTBDs/Debug-iphonesimulator -F/Users/apple/Library/Developer/Xcode/DerivedData/TravelCompanion-hihrfrveyzcocrfaffonbtiylepz/Build/Products/Debug-iphonesimulator -iframework /Applications/Xcode.app/Contents/Developer/Platforms/iPhoneSimulator.platform/Developer/Library/Frameworks -iframework /Applications/Xcode.app/Contents/Developer/Platforms/iPhoneSimulator.platform/Developer/SDKs/iPhoneSimulator18.5.sdk/Developer/Library/Frameworks -filelist /Users/apple/Library/Developer/Xcode/DerivedData/TravelCompanion-hihrfrveyzcocrfaffonbtiylepz/Build/Intermediates.noindex/TravelDomain.build/Debug-iphonesimulator/TravelDomain.build/Objects-normal/arm64/TravelDomain.LinkFileList -nostdlib -Xlinker -object_path_lto -Xlinker /Users/apple/Library/Developer/Xcode/DerivedData/TravelCompanion-hihrfrveyzcocrfaffonbtiylepz/Build/Intermediates.noindex/TravelDomain.build/Debug-iphonesimulator/TravelDomain.build/Objects-normal/arm64/TravelDomain_lto.o -rdynamic -Xlinker -no_deduplicate -Xlinker -objc_abi_version -Xlinker 2 -Xlinker -debug_variant -Xlinker -dependency_info -Xlinker /Users/apple/Library/Developer/Xcode/DerivedData/TravelCompanion-hihrfrveyzcocrfaffonbtiylepz/Build/Intermediates.noindex/TravelDomain.build/Debug-iphonesimulator/TravelDomain.build/Objects-normal/arm64/TravelDomain_dependency_info.dat -fobjc-link-runtime -L/Applications/Xcode.app/Contents/Developer/Toolchains/XcodeDefault.xctoolchain/usr/lib/swift/iphonesimulator -L/usr/lib/swift -Xlinker -add_ast_path -Xlinker /Users/apple/Library/Developer/Xcode/DerivedData/TravelCompanion-hihrfrveyzcocrfaffonbtiylepz/Build/Intermediates.noindex/TravelDomain.build/Debug-iphonesimulator/TravelDomain.build/Objects-normal/arm64/TravelDomain.swiftmodule -o /Users/apple/Library/Developer/Xcode/DerivedData/TravelCompanion-hihrfrveyzcocrfaffonbtiylepz/Build/Products/Debug-iphonesimulator/TravelDomain.o

Ld /Users/apple/Library/Developer/Xcode/DerivedData/TravelCompanion-hihrfrveyzcocrfaffonbtiylepz/Build/Products/Debug-iphonesimulator/Utilities.o normal (in target 'Utilities' from project 'Utilities')
    cd /Users/apple/Documents/Swift/Travel-Companion/Packages/Utilities
    /Applications/Xcode.app/Contents/Developer/Toolchains/XcodeDefault.xctoolchain/usr/bin/clang -Xlinker -reproducible -target arm64-apple-ios15.0-simulator -r -isysroot /Applications/Xcode.app/Contents/Developer/Platforms/iPhoneSimulator.platform/Developer/SDKs/iPhoneSimulator18.5.sdk -O0 -w -L/Users/apple/Library/Developer/Xcode/DerivedData/TravelCompanion-hihrfrveyzcocrfaffonbtiylepz/Build/Intermediates.noindex/EagerLinkingTBDs/Debug-iphonesimulator -L/Users/apple/Library/Developer/Xcode/DerivedData/TravelCompanion-hihrfrveyzcocrfaffonbtiylepz/Build/Products/Debug-iphonesimulator -L/Applications/Xcode.app/Contents/Developer/Platforms/iPhoneSimulator.platform/Developer/usr/lib -F/Users/apple/Library/Developer/Xcode/DerivedData/TravelCompanion-hihrfrveyzcocrfaffonbtiylepz/Build/Intermediates.noindex/EagerLinkingTBDs/Debug-iphonesimulator -F/Users/apple/Library/Developer/Xcode/DerivedData/TravelCompanion-hihrfrveyzcocrfaffonbtiylepz/Build/Products/Debug-iphonesimulator -iframework /Applications/Xcode.app/Contents/Developer/Platforms/iPhoneSimulator.platform/Developer/Library/Frameworks -iframework /Applications/Xcode.app/Contents/Developer/Platforms/iPhoneSimulator.platform/Developer/SDKs/iPhoneSimulator18.5.sdk/Developer/Library/Frameworks -filelist /Users/apple/Library/Developer/Xcode/DerivedData/TravelCompanion-hihrfrveyzcocrfaffonbtiylepz/Build/Intermediates.noindex/Utilities.build/Debug-iphonesimulator/Utilities.build/Objects-normal/arm64/Utilities.LinkFileList -nostdlib -Xlinker -object_path_lto -Xlinker /Users/apple/Library/Developer/Xcode/DerivedData/TravelCompanion-hihrfrveyzcocrfaffonbtiylepz/Build/Intermediates.noindex/Utilities.build/Debug-iphonesimulator/Utilities.build/Objects-normal/arm64/Utilities_lto.o -rdynamic -Xlinker -no_deduplicate -Xlinker -objc_abi_version -Xlinker 2 -Xlinker -debug_variant -Xlinker -dependency_info -Xlinker /Users/apple/Library/Developer/Xcode/DerivedData/TravelCompanion-hihrfrveyzcocrfaffonbtiylepz/Build/Intermediates.noindex/Utilities.build/Debug-iphonesimulator/Utilities.build/Objects-normal/arm64/Utilities_dependency_info.dat -fobjc-link-runtime -L/Applications/Xcode.app/Contents/Developer/Toolchains/XcodeDefault.xctoolchain/usr/lib/swift/iphonesimulator -L/usr/lib/swift -Xlinker -add_ast_path -Xlinker /Users/apple/Library/Developer/Xcode/DerivedData/TravelCompanion-hihrfrveyzcocrfaffonbtiylepz/Build/Intermediates.noindex/Utilities.build/Debug-iphonesimulator/Utilities.build/Objects-normal/arm64/Utilities.swiftmodule -o /Users/apple/Library/Developer/Xcode/DerivedData/TravelCompanion-hihrfrveyzcocrfaffonbtiylepz/Build/Products/Debug-iphonesimulator/Utilities.o

ExtractAppIntentsMetadata (in target 'Utilities' from project 'Utilities')
    cd /Users/apple/Documents/Swift/Travel-Companion/Packages/Utilities
    /Applications/Xcode.app/Contents/Developer/Toolchains/XcodeDefault.xctoolchain/usr/bin/appintentsmetadataprocessor --toolchain-dir /Applications/Xcode.app/Contents/Developer/Toolchains/XcodeDefault.xctoolchain --module-name Utilities --sdk-root /Applications/Xcode.app/Contents/Developer/Platforms/iPhoneSimulator.platform/Developer/SDKs/iPhoneSimulator18.5.sdk --xcode-version 16F6 --platform-family iOS --deployment-target 15.0 --bundle-identifier utilities.Utilities --output /Users/apple/Library/Developer/Xcode/DerivedData/TravelCompanion-hihrfrveyzcocrfaffonbtiylepz/Build/Products/Debug-iphonesimulator/Utilities.appintents --target-triple arm64-apple-ios15.0-simulator --binary-file /Users/apple/Library/Developer/Xcode/DerivedData/TravelCompanion-hihrfrveyzcocrfaffonbtiylepz/Build/Products/Debug-iphonesimulator/Utilities.o --dependency-file /Users/apple/Library/Developer/Xcode/DerivedData/TravelCompanion-hihrfrveyzcocrfaffonbtiylepz/Build/Intermediates.noindex/Utilities.build/Debug-iphonesimulator/Utilities.build/Objects-normal/arm64/Utilities_dependency_info.dat --stringsdata-file /Users/apple/Library/Developer/Xcode/DerivedData/TravelCompanion-hihrfrveyzcocrfaffonbtiylepz/Build/Intermediates.noindex/Utilities.build/Debug-iphonesimulator/Utilities.build/Objects-normal/arm64/ExtractedAppShortcutsMetadata.stringsdata --source-file-list /Users/apple/Library/Developer/Xcode/DerivedData/TravelCompanion-hihrfrveyzcocrfaffonbtiylepz/Build/Intermediates.noindex/Utilities.build/Debug-iphonesimulator/Utilities.build/Objects-normal/arm64/Utilities.SwiftFileList --metadata-file-list /Users/apple/Library/Developer/Xcode/DerivedData/TravelCompanion-hihrfrveyzcocrfaffonbtiylepz/Build/Intermediates.noindex/Utilities.build/Debug-iphonesimulator/Utilities.build/Utilities.DependencyMetadataFileList --static-metadata-file-list /Users/apple/Library/Developer/Xcode/DerivedData/TravelCompanion-hihrfrveyzcocrfaffonbtiylepz/Build/Intermediates.noindex/Utilities.build/Debug-iphonesimulator/Utilities.build/Utilities.DependencyStaticMetadataFileList --swift-const-vals-list /Users/apple/Library/Developer/Xcode/DerivedData/TravelCompanion-hihrfrveyzcocrfaffonbtiylepz/Build/Intermediates.noindex/Utilities.build/Debug-iphonesimulator/Utilities.build/Objects-normal/arm64/Utilities.SwiftConstValuesFileList --force --compile-time-extraction --deployment-aware-processing --validate-assistant-intents --no-app-shortcuts-localization
2025-11-19 23:40:29.351 appintentsmetadataprocessor[82719:18470874] Starting appintentsmetadataprocessor export
2025-11-19 23:40:29.384 appintentsmetadataprocessor[82719:18470874] Extracted no relevant App Intents symbols, skipping writing output

ExtractAppIntentsMetadata (in target 'TravelDomain' from project 'TravelDomain')
    cd /Users/apple/Documents/Swift/Travel-Companion/Packages/TravelDomain
    /Applications/Xcode.app/Contents/Developer/Toolchains/XcodeDefault.xctoolchain/usr/bin/appintentsmetadataprocessor --toolchain-dir /Applications/Xcode.app/Contents/Developer/Toolchains/XcodeDefault.xctoolchain --module-name TravelDomain --sdk-root /Applications/Xcode.app/Contents/Developer/Platforms/iPhoneSimulator.platform/Developer/SDKs/iPhoneSimulator18.5.sdk --xcode-version 16F6 --platform-family iOS --deployment-target 15.0 --bundle-identifier traveldomain.TravelDomain --output /Users/apple/Library/Developer/Xcode/DerivedData/TravelCompanion-hihrfrveyzcocrfaffonbtiylepz/Build/Products/Debug-iphonesimulator/TravelDomain.appintents --target-triple arm64-apple-ios15.0-simulator --binary-file /Users/apple/Library/Developer/Xcode/DerivedData/TravelCompanion-hihrfrveyzcocrfaffonbtiylepz/Build/Products/Debug-iphonesimulator/TravelDomain.o --dependency-file /Users/apple/Library/Developer/Xcode/DerivedData/TravelCompanion-hihrfrveyzcocrfaffonbtiylepz/Build/Intermediates.noindex/TravelDomain.build/Debug-iphonesimulator/TravelDomain.build/Objects-normal/arm64/TravelDomain_dependency_info.dat --stringsdata-file /Users/apple/Library/Developer/Xcode/DerivedData/TravelCompanion-hihrfrveyzcocrfaffonbtiylepz/Build/Intermediates.noindex/TravelDomain.build/Debug-iphonesimulator/TravelDomain.build/Objects-normal/arm64/ExtractedAppShortcutsMetadata.stringsdata --source-file-list /Users/apple/Library/Developer/Xcode/DerivedData/TravelCompanion-hihrfrveyzcocrfaffonbtiylepz/Build/Intermediates.noindex/TravelDomain.build/Debug-iphonesimulator/TravelDomain.build/Objects-normal/arm64/TravelDomain.SwiftFileList --metadata-file-list /Users/apple/Library/Developer/Xcode/DerivedData/TravelCompanion-hihrfrveyzcocrfaffonbtiylepz/Build/Intermediates.noindex/TravelDomain.build/Debug-iphonesimulator/TravelDomain.build/TravelDomain.DependencyMetadataFileList --static-metadata-file-list /Users/apple/Library/Developer/Xcode/DerivedData/TravelCompanion-hihrfrveyzcocrfaffonbtiylepz/Build/Intermediates.noindex/TravelDomain.build/Debug-iphonesimulator/TravelDomain.build/TravelDomain.DependencyStaticMetadataFileList --swift-const-vals-list /Users/apple/Library/Developer/Xcode/DerivedData/TravelCompanion-hihrfrveyzcocrfaffonbtiylepz/Build/Intermediates.noindex/TravelDomain.build/Debug-iphonesimulator/TravelDomain.build/Objects-normal/arm64/TravelDomain.SwiftConstValuesFileList --force --compile-time-extraction --deployment-aware-processing --validate-assistant-intents --no-app-shortcuts-localization
2025-11-19 23:40:29.351 appintentsmetadataprocessor[82720:18470875] Starting appintentsmetadataprocessor export
2025-11-19 23:40:29.385 appintentsmetadataprocessor[82720:18470875] Extracted no relevant App Intents symbols, skipping writing output

SwiftDriverJobDiscovery normal arm64 Compiling Networking.swift (in target 'Networking' from project 'Networking')

SwiftDriverJobDiscovery normal arm64 Emitting module for Networking (in target 'Networking' from project 'Networking')

SwiftDriver\ Compilation\ Requirements Networking normal arm64 com.apple.xcode.tools.swift.compiler (in target 'Networking' from project 'Networking')
    cd /Users/apple/Documents/Swift/Travel-Companion
    builtin-Swift-Compilation-Requirements -- /Applications/Xcode.app/Contents/Developer/Toolchains/XcodeDefault.xctoolchain/usr/bin/swiftc -module-name Networking -Onone -enforce-exclusivity\=checked @/Users/apple/Library/Developer/Xcode/DerivedData/TravelCompanion-hihrfrveyzcocrfaffonbtiylepz/Build/Intermediates.noindex/Networking.build/Debug-iphonesimulator/Networking.build/Objects-normal/arm64/Networking.SwiftFileList -DSWIFT_PACKAGE -DDEBUG -DXcode -plugin-path /Applications/Xcode.app/Contents/Developer/Toolchains/XcodeDefault.xctoolchain/usr/lib/swift/host/plugins/testing -enable-experimental-feature DebugDescriptionMacro -sdk /Applications/Xcode.app/Contents/Developer/Platforms/iPhoneSimulator.platform/Developer/SDKs/iPhoneSimulator18.5.sdk -target arm64-apple-ios15.0-simulator -g -module-cache-path /Users/apple/Library/Developer/Xcode/DerivedData/ModuleCache.noindex -Xfrontend -serialize-debugging-options -profile-coverage-mapping -profile-generate -enable-testing -index-store-path /Users/apple/Library/Developer/Xcode/DerivedData/TravelCompanion-hihrfrveyzcocrfaffonbtiylepz/Index.noindex/DataStore -swift-version 5 -I /Users/apple/Library/Developer/Xcode/DerivedData/TravelCompanion-hihrfrveyzcocrfaffonbtiylepz/Build/Products/Debug-iphonesimulator -I /Applications/Xcode.app/Contents/Developer/Platforms/iPhoneSimulator.platform/Developer/usr/lib -F /Users/apple/Library/Developer/Xcode/DerivedData/TravelCompanion-hihrfrveyzcocrfaffonbtiylepz/Build/Products/Debug-iphonesimulator/PackageFrameworks -F /Users/apple/Library/Developer/Xcode/DerivedData/TravelCompanion-hihrfrveyzcocrfaffonbtiylepz/Build/Products/Debug-iphonesimulator -F /Applications/Xcode.app/Contents/Developer/Platforms/iPhoneSimulator.platform/Developer/Library/Frameworks -F /Applications/Xcode.app/Contents/Developer/Platforms/iPhoneSimulator.platform/Developer/SDKs/iPhoneSimulator18.5.sdk/Developer/Library/Frameworks -c -j10 -enable-batch-mode -incremental -Xcc -ivfsstatcache -Xcc /Users/apple/Library/Developer/Xcode/DerivedData/SDKStatCaches.noindex/iphonesimulator18.5-22F76-d5fc8ad4295d2ef488fb7d0f804ce0c4.sdkstatcache -output-file-map /Users/apple/Library/Developer/Xcode/DerivedData/TravelCompanion-hihrfrveyzcocrfaffonbtiylepz/Build/Intermediates.noindex/Networking.build/Debug-iphonesimulator/Networking.build/Objects-normal/arm64/Networking-OutputFileMap.json -use-frontend-parseable-output -save-temps -no-color-diagnostics -serialize-diagnostics -emit-dependencies -emit-module -emit-module-path /Users/apple/Library/Developer/Xcode/DerivedData/TravelCompanion-hihrfrveyzcocrfaffonbtiylepz/Build/Intermediates.noindex/Networking.build/Debug-iphonesimulator/Networking.build/Objects-normal/arm64/Networking.swiftmodule -validate-clang-modules-once -clang-build-session-file /Users/apple/Library/Developer/Xcode/DerivedData/ModuleCache.noindex/Session.modulevalidation -package-name networking -Xcc -I/Users/apple/Library/Developer/Xcode/DerivedData/TravelCompanion-hihrfrveyzcocrfaffonbtiylepz/Build/Intermediates.noindex/Networking.build/Debug-iphonesimulator/Networking.build/swift-overrides.hmap -emit-const-values -Xfrontend -const-gather-protocols-file -Xfrontend /Users/apple/Library/Developer/Xcode/DerivedData/TravelCompanion-hihrfrveyzcocrfaffonbtiylepz/Build/Intermediates.noindex/Networking.build/Debug-iphonesimulator/Networking.build/Objects-normal/arm64/Networking_const_extract_protocols.json -Xcc -I/Users/apple/Library/Developer/Xcode/DerivedData/TravelCompanion-hihrfrveyzcocrfaffonbtiylepz/Build/Products/Debug-iphonesimulator/include -Xcc -I/Users/apple/Library/Developer/Xcode/DerivedData/TravelCompanion-hihrfrveyzcocrfaffonbtiylepz/Build/Intermediates.noindex/Networking.build/Debug-iphonesimulator/Networking.build/DerivedSources-normal/arm64 -Xcc -I/Users/apple/Library/Developer/Xcode/DerivedData/TravelCompanion-hihrfrveyzcocrfaffonbtiylepz/Build/Intermediates.noindex/Networking.build/Debug-iphonesimulator/Networking.build/DerivedSources/arm64 -Xcc -I/Users/apple/Library/Developer/Xcode/DerivedData/TravelCompanion-hihrfrveyzcocrfaffonbtiylepz/Build/Intermediates.noindex/Networking.build/Debug-iphonesimulator/Networking.build/DerivedSources -Xcc -DSWIFT_PACKAGE -Xcc -DDEBUG\=1 -emit-objc-header -emit-objc-header-path /Users/apple/Library/Developer/Xcode/DerivedData/TravelCompanion-hihrfrveyzcocrfaffonbtiylepz/Build/Intermediates.noindex/Networking.build/Debug-iphonesimulator/Networking.build/Objects-normal/arm64/Networking-Swift.h -working-directory /Users/apple/Documents/Swift/Travel-Companion -experimental-emit-module-separately -disable-cmo

SwiftMergeGeneratedHeaders /Users/apple/Library/Developer/Xcode/DerivedData/TravelCompanion-hihrfrveyzcocrfaffonbtiylepz/Build/Intermediates.noindex/GeneratedModuleMaps-iphonesimulator/Networking-Swift.h /Users/apple/Library/Developer/Xcode/DerivedData/TravelCompanion-hihrfrveyzcocrfaffonbtiylepz/Build/Intermediates.noindex/Networking.build/Debug-iphonesimulator/Networking.build/Objects-normal/arm64/Networking-Swift.h (in target 'Networking' from project 'Networking')
    cd /Users/apple/Documents/Swift/Travel-Companion/Packages/Networking
    builtin-swiftHeaderTool -arch arm64 /Users/apple/Library/Developer/Xcode/DerivedData/TravelCompanion-hihrfrveyzcocrfaffonbtiylepz/Build/Intermediates.noindex/Networking.build/Debug-iphonesimulator/Networking.build/Objects-normal/arm64/Networking-Swift.h -o /Users/apple/Library/Developer/Xcode/DerivedData/TravelCompanion-hihrfrveyzcocrfaffonbtiylepz/Build/Intermediates.noindex/GeneratedModuleMaps-iphonesimulator/Networking-Swift.h

Copy /Users/apple/Library/Developer/Xcode/DerivedData/TravelCompanion-hihrfrveyzcocrfaffonbtiylepz/Build/Products/Debug-iphonesimulator/Networking.swiftmodule/arm64-apple-ios-simulator.abi.json /Users/apple/Library/Developer/Xcode/DerivedData/TravelCompanion-hihrfrveyzcocrfaffonbtiylepz/Build/Intermediates.noindex/Networking.build/Debug-iphonesimulator/Networking.build/Objects-normal/arm64/Networking.abi.json (in target 'Networking' from project 'Networking')
    cd /Users/apple/Documents/Swift/Travel-Companion/Packages/Networking
    builtin-copy -exclude .DS_Store -exclude CVS -exclude .svn -exclude .git -exclude .hg -resolve-src-symlinks -rename /Users/apple/Library/Developer/Xcode/DerivedData/TravelCompanion-hihrfrveyzcocrfaffonbtiylepz/Build/Intermediates.noindex/Networking.build/Debug-iphonesimulator/Networking.build/Objects-normal/arm64/Networking.abi.json /Users/apple/Library/Developer/Xcode/DerivedData/TravelCompanion-hihrfrveyzcocrfaffonbtiylepz/Build/Products/Debug-iphonesimulator/Networking.swiftmodule/arm64-apple-ios-simulator.abi.json

Copy /Users/apple/Library/Developer/Xcode/DerivedData/TravelCompanion-hihrfrveyzcocrfaffonbtiylepz/Build/Products/Debug-iphonesimulator/Networking.swiftmodule/arm64-apple-ios-simulator.swiftmodule /Users/apple/Library/Developer/Xcode/DerivedData/TravelCompanion-hihrfrveyzcocrfaffonbtiylepz/Build/Intermediates.noindex/Networking.build/Debug-iphonesimulator/Networking.build/Objects-normal/arm64/Networking.swiftmodule (in target 'Networking' from project 'Networking')
    cd /Users/apple/Documents/Swift/Travel-Companion/Packages/Networking
    builtin-copy -exclude .DS_Store -exclude CVS -exclude .svn -exclude .git -exclude .hg -resolve-src-symlinks -rename /Users/apple/Library/Developer/Xcode/DerivedData/TravelCompanion-hihrfrveyzcocrfaffonbtiylepz/Build/Intermediates.noindex/Networking.build/Debug-iphonesimulator/Networking.build/Objects-normal/arm64/Networking.swiftmodule /Users/apple/Library/Developer/Xcode/DerivedData/TravelCompanion-hihrfrveyzcocrfaffonbtiylepz/Build/Products/Debug-iphonesimulator/Networking.swiftmodule/arm64-apple-ios-simulator.swiftmodule

Copy /Users/apple/Library/Developer/Xcode/DerivedData/TravelCompanion-hihrfrveyzcocrfaffonbtiylepz/Build/Products/Debug-iphonesimulator/Networking.swiftmodule/arm64-apple-ios-simulator.swiftdoc /Users/apple/Library/Developer/Xcode/DerivedData/TravelCompanion-hihrfrveyzcocrfaffonbtiylepz/Build/Intermediates.noindex/Networking.build/Debug-iphonesimulator/Networking.build/Objects-normal/arm64/Networking.swiftdoc (in target 'Networking' from project 'Networking')
    cd /Users/apple/Documents/Swift/Travel-Companion/Packages/Networking
    builtin-copy -exclude .DS_Store -exclude CVS -exclude .svn -exclude .git -exclude .hg -resolve-src-symlinks -rename /Users/apple/Library/Developer/Xcode/DerivedData/TravelCompanion-hihrfrveyzcocrfaffonbtiylepz/Build/Intermediates.noindex/Networking.build/Debug-iphonesimulator/Networking.build/Objects-normal/arm64/Networking.swiftdoc /Users/apple/Library/Developer/Xcode/DerivedData/TravelCompanion-hihrfrveyzcocrfaffonbtiylepz/Build/Products/Debug-iphonesimulator/Networking.swiftmodule/arm64-apple-ios-simulator.swiftdoc

Copy /Users/apple/Library/Developer/Xcode/DerivedData/TravelCompanion-hihrfrveyzcocrfaffonbtiylepz/Build/Products/Debug-iphonesimulator/Networking.swiftmodule/Project/arm64-apple-ios-simulator.swiftsourceinfo /Users/apple/Library/Developer/Xcode/DerivedData/TravelCompanion-hihrfrveyzcocrfaffonbtiylepz/Build/Intermediates.noindex/Networking.build/Debug-iphonesimulator/Networking.build/Objects-normal/arm64/Networking.swiftsourceinfo (in target 'Networking' from project 'Networking')
    cd /Users/apple/Documents/Swift/Travel-Companion/Packages/Networking
    builtin-copy -exclude .DS_Store -exclude CVS -exclude .svn -exclude .git -exclude .hg -resolve-src-symlinks -rename /Users/apple/Library/Developer/Xcode/DerivedData/TravelCompanion-hihrfrveyzcocrfaffonbtiylepz/Build/Intermediates.noindex/Networking.build/Debug-iphonesimulator/Networking.build/Objects-normal/arm64/Networking.swiftsourceinfo /Users/apple/Library/Developer/Xcode/DerivedData/TravelCompanion-hihrfrveyzcocrfaffonbtiylepz/Build/Products/Debug-iphonesimulator/Networking.swiftmodule/Project/arm64-apple-ios-simulator.swiftsourceinfo

RegisterExecutionPolicyException /Users/apple/Library/Developer/Xcode/DerivedData/TravelCompanion-hihrfrveyzcocrfaffonbtiylepz/Build/Products/Debug-iphonesimulator/Utilities.o (in target 'Utilities' from project 'Utilities')
    cd /Users/apple/Documents/Swift/Travel-Companion/Packages/Utilities
    builtin-RegisterExecutionPolicyException /Users/apple/Library/Developer/Xcode/DerivedData/TravelCompanion-hihrfrveyzcocrfaffonbtiylepz/Build/Products/Debug-iphonesimulator/Utilities.o

RegisterExecutionPolicyException /Users/apple/Library/Developer/Xcode/DerivedData/TravelCompanion-hihrfrveyzcocrfaffonbtiylepz/Build/Products/Debug-iphonesimulator/TravelDomain.o (in target 'TravelDomain' from project 'TravelDomain')
    cd /Users/apple/Documents/Swift/Travel-Companion/Packages/TravelDomain
    builtin-RegisterExecutionPolicyException /Users/apple/Library/Developer/Xcode/DerivedData/TravelCompanion-hihrfrveyzcocrfaffonbtiylepz/Build/Products/Debug-iphonesimulator/TravelDomain.o

ProcessProductPackaging "" /Users/apple/Library/Developer/Xcode/DerivedData/TravelCompanion-hihrfrveyzcocrfaffonbtiylepz/Build/Intermediates.noindex/TravelCompanionApp.build/Debug-iphonesimulator/TravelCompanionApp.build/TravelCompanionApp.app-Simulated.xcent (in target 'TravelCompanionApp' from project 'TravelCompanionApp')
    cd /Users/apple/Documents/Swift/Travel-Companion/TravelCompanionApp
    
    Entitlements:
    
    {
    "application-identifier" = "FAKETEAMID.amkingApps.com.TravelCompanionApp";
}
    
    builtin-productPackagingUtility -entitlements -format xml -o /Users/apple/Library/Developer/Xcode/DerivedData/TravelCompanion-hihrfrveyzcocrfaffonbtiylepz/Build/Intermediates.noindex/TravelCompanionApp.build/Debug-iphonesimulator/TravelCompanionApp.build/TravelCompanionApp.app-Simulated.xcent

ProcessProductPackagingDER /Users/apple/Library/Developer/Xcode/DerivedData/TravelCompanion-hihrfrveyzcocrfaffonbtiylepz/Build/Intermediates.noindex/TravelCompanionApp.build/Debug-iphonesimulator/TravelCompanionApp.build/TravelCompanionApp.app-Simulated.xcent /Users/apple/Library/Developer/Xcode/DerivedData/TravelCompanion-hihrfrveyzcocrfaffonbtiylepz/Build/Intermediates.noindex/TravelCompanionApp.build/Debug-iphonesimulator/TravelCompanionApp.build/TravelCompanionApp.app-Simulated.xcent.der (in target 'TravelCompanionApp' from project 'TravelCompanionApp')
    cd /Users/apple/Documents/Swift/Travel-Companion/TravelCompanionApp
    /usr/bin/derq query -f xml -i /Users/apple/Library/Developer/Xcode/DerivedData/TravelCompanion-hihrfrveyzcocrfaffonbtiylepz/Build/Intermediates.noindex/TravelCompanionApp.build/Debug-iphonesimulator/TravelCompanionApp.build/TravelCompanionApp.app-Simulated.xcent -o /Users/apple/Library/Developer/Xcode/DerivedData/TravelCompanion-hihrfrveyzcocrfaffonbtiylepz/Build/Intermediates.noindex/TravelCompanionApp.build/Debug-iphonesimulator/TravelCompanionApp.build/TravelCompanionApp.app-Simulated.xcent.der --raw

GenerateAssetSymbols /Users/apple/Documents/Swift/Travel-Companion/TravelCompanionApp/TravelCompanionApp/Assets.xcassets (in target 'TravelCompanionApp' from project 'TravelCompanionApp')
    cd /Users/apple/Documents/Swift/Travel-Companion/TravelCompanionApp
    /Applications/Xcode.app/Contents/Developer/usr/bin/actool /Users/apple/Documents/Swift/Travel-Companion/TravelCompanionApp/TravelCompanionApp/Assets.xcassets --compile /Users/apple/Library/Developer/Xcode/DerivedData/TravelCompanion-hihrfrveyzcocrfaffonbtiylepz/Build/Products/Debug-iphonesimulator/TravelCompanionApp.app --output-format human-readable-text --notices --warnings --export-dependency-info /Users/apple/Library/Developer/Xcode/DerivedData/TravelCompanion-hihrfrveyzcocrfaffonbtiylepz/Build/Intermediates.noindex/TravelCompanionApp.build/Debug-iphonesimulator/TravelCompanionApp.build/assetcatalog_dependencies --output-partial-info-plist /Users/apple/Library/Developer/Xcode/DerivedData/TravelCompanion-hihrfrveyzcocrfaffonbtiylepz/Build/Intermediates.noindex/TravelCompanionApp.build/Debug-iphonesimulator/TravelCompanionApp.build/assetcatalog_generated_info.plist --app-icon AppIcon --accent-color AccentColor --compress-pngs --enable-on-demand-resources YES --development-region en --target-device iphone --target-device ipad --minimum-deployment-target 18.5 --platform iphonesimulator --bundle-identifier amkingApps.com.TravelCompanionApp --generate-swift-asset-symbols /Users/apple/Library/Developer/Xcode/DerivedData/TravelCompanion-hihrfrveyzcocrfaffonbtiylepz/Build/Intermediates.noindex/TravelCompanionApp.build/Debug-iphonesimulator/TravelCompanionApp.build/DerivedSources/GeneratedAssetSymbols.swift --generate-objc-asset-symbols /Users/apple/Library/Developer/Xcode/DerivedData/TravelCompanion-hihrfrveyzcocrfaffonbtiylepz/Build/Intermediates.noindex/TravelCompanionApp.build/Debug-iphonesimulator/TravelCompanionApp.build/DerivedSources/GeneratedAssetSymbols.h --generate-asset-symbol-index /Users/apple/Library/Developer/Xcode/DerivedData/TravelCompanion-hihrfrveyzcocrfaffonbtiylepz/Build/Intermediates.noindex/TravelCompanionApp.build/Debug-iphonesimulator/TravelCompanionApp.build/DerivedSources/GeneratedAssetSymbols-Index.plist
/* com.apple.actool.compilation-results */
/Users/apple/Library/Developer/Xcode/DerivedData/TravelCompanion-hihrfrveyzcocrfaffonbtiylepz/Build/Intermediates.noindex/TravelCompanionApp.build/Debug-iphonesimulator/TravelCompanionApp.build/DerivedSources/GeneratedAssetSymbols-Index.plist
/Users/apple/Library/Developer/Xcode/DerivedData/TravelCompanion-hihrfrveyzcocrfaffonbtiylepz/Build/Intermediates.noindex/TravelCompanionApp.build/Debug-iphonesimulator/TravelCompanionApp.build/DerivedSources/GeneratedAssetSymbols.h
/Users/apple/Library/Developer/Xcode/DerivedData/TravelCompanion-hihrfrveyzcocrfaffonbtiylepz/Build/Intermediates.noindex/TravelCompanionApp.build/Debug-iphonesimulator/TravelCompanionApp.build/DerivedSources/GeneratedAssetSymbols.swift


MkDir /Users/apple/Library/Developer/Xcode/DerivedData/TravelCompanion-hihrfrveyzcocrfaffonbtiylepz/Build/Intermediates.noindex/TravelCompanionApp.build/Debug-iphonesimulator/TravelCompanionApp.build/assetcatalog_output/thinned (in target 'TravelCompanionApp' from project 'TravelCompanionApp')
    cd /Users/apple/Documents/Swift/Travel-Companion/TravelCompanionApp
    /bin/mkdir -p /Users/apple/Library/Developer/Xcode/DerivedData/TravelCompanion-hihrfrveyzcocrfaffonbtiylepz/Build/Intermediates.noindex/TravelCompanionApp.build/Debug-iphonesimulator/TravelCompanionApp.build/assetcatalog_output/thinned

MkDir /Users/apple/Library/Developer/Xcode/DerivedData/TravelCompanion-hihrfrveyzcocrfaffonbtiylepz/Build/Intermediates.noindex/TravelCompanionApp.build/Debug-iphonesimulator/TravelCompanionApp.build/assetcatalog_output/unthinned (in target 'TravelCompanionApp' from project 'TravelCompanionApp')
    cd /Users/apple/Documents/Swift/Travel-Companion/TravelCompanionApp
    /bin/mkdir -p /Users/apple/Library/Developer/Xcode/DerivedData/TravelCompanion-hihrfrveyzcocrfaffonbtiylepz/Build/Intermediates.noindex/TravelCompanionApp.build/Debug-iphonesimulator/TravelCompanionApp.build/assetcatalog_output/unthinned

CompileAssetCatalogVariant thinned /Users/apple/Library/Developer/Xcode/DerivedData/TravelCompanion-hihrfrveyzcocrfaffonbtiylepz/Build/Products/Debug-iphonesimulator/TravelCompanionApp.app /Users/apple/Documents/Swift/Travel-Companion/TravelCompanionApp/TravelCompanionApp/Assets.xcassets (in target 'TravelCompanionApp' from project 'TravelCompanionApp')
    cd /Users/apple/Documents/Swift/Travel-Companion/TravelCompanionApp
    /Applications/Xcode.app/Contents/Developer/usr/bin/actool /Users/apple/Documents/Swift/Travel-Companion/TravelCompanionApp/TravelCompanionApp/Assets.xcassets --compile /Users/apple/Library/Developer/Xcode/DerivedData/TravelCompanion-hihrfrveyzcocrfaffonbtiylepz/Build/Intermediates.noindex/TravelCompanionApp.build/Debug-iphonesimulator/TravelCompanionApp.build/assetcatalog_output/thinned --output-format human-readable-text --notices --warnings --export-dependency-info /Users/apple/Library/Developer/Xcode/DerivedData/TravelCompanion-hihrfrveyzcocrfaffonbtiylepz/Build/Intermediates.noindex/TravelCompanionApp.build/Debug-iphonesimulator/TravelCompanionApp.build/assetcatalog_dependencies_thinned --output-partial-info-plist /Users/apple/Library/Developer/Xcode/DerivedData/TravelCompanion-hihrfrveyzcocrfaffonbtiylepz/Build/Intermediates.noindex/TravelCompanionApp.build/Debug-iphonesimulator/TravelCompanionApp.build/assetcatalog_generated_info.plist_thinned --app-icon AppIcon --accent-color AccentColor --compress-pngs --enable-on-demand-resources YES --filter-for-thinning-device-configuration iPhone17,3 --filter-for-device-os-version 18.5 --development-region en --target-device iphone --target-device ipad --minimum-deployment-target 18.5 --platform iphonesimulator
/* com.apple.actool.compilation-results */
/Users/apple/Library/Developer/Xcode/DerivedData/TravelCompanion-hihrfrveyzcocrfaffonbtiylepz/Build/Intermediates.noindex/TravelCompanionApp.build/Debug-iphonesimulator/TravelCompanionApp.build/assetcatalog_generated_info.plist_thinned


LinkAssetCatalog /Users/apple/Documents/Swift/Travel-Companion/TravelCompanionApp/TravelCompanionApp/Assets.xcassets (in target 'TravelCompanionApp' from project 'TravelCompanionApp')
    cd /Users/apple/Documents/Swift/Travel-Companion/TravelCompanionApp
    builtin-linkAssetCatalog --thinned /Users/apple/Library/Developer/Xcode/DerivedData/TravelCompanion-hihrfrveyzcocrfaffonbtiylepz/Build/Intermediates.noindex/TravelCompanionApp.build/Debug-iphonesimulator/TravelCompanionApp.build/assetcatalog_output/thinned --thinned-dependencies /Users/apple/Library/Developer/Xcode/DerivedData/TravelCompanion-hihrfrveyzcocrfaffonbtiylepz/Build/Intermediates.noindex/TravelCompanionApp.build/Debug-iphonesimulator/TravelCompanionApp.build/assetcatalog_dependencies_thinned --thinned-info-plist-content /Users/apple/Library/Developer/Xcode/DerivedData/TravelCompanion-hihrfrveyzcocrfaffonbtiylepz/Build/Intermediates.noindex/TravelCompanionApp.build/Debug-iphonesimulator/TravelCompanionApp.build/assetcatalog_generated_info.plist_thinned --unthinned /Users/apple/Library/Developer/Xcode/DerivedData/TravelCompanion-hihrfrveyzcocrfaffonbtiylepz/Build/Intermediates.noindex/TravelCompanionApp.build/Debug-iphonesimulator/TravelCompanionApp.build/assetcatalog_output/unthinned --unthinned-dependencies /Users/apple/Library/Developer/Xcode/DerivedData/TravelCompanion-hihrfrveyzcocrfaffonbtiylepz/Build/Intermediates.noindex/TravelCompanionApp.build/Debug-iphonesimulator/TravelCompanionApp.build/assetcatalog_dependencies_unthinned --unthinned-info-plist-content /Users/apple/Library/Developer/Xcode/DerivedData/TravelCompanion-hihrfrveyzcocrfaffonbtiylepz/Build/Intermediates.noindex/TravelCompanionApp.build/Debug-iphonesimulator/TravelCompanionApp.build/assetcatalog_generated_info.plist_unthinned --output /Users/apple/Library/Developer/Xcode/DerivedData/TravelCompanion-hihrfrveyzcocrfaffonbtiylepz/Build/Products/Debug-iphonesimulator/TravelCompanionApp.app --plist-output /Users/apple/Library/Developer/Xcode/DerivedData/TravelCompanion-hihrfrveyzcocrfaffonbtiylepz/Build/Intermediates.noindex/TravelCompanionApp.build/Debug-iphonesimulator/TravelCompanionApp.build/assetcatalog_generated_info.plist

SwiftDriverJobDiscovery normal arm64 Compiling MockDestinationRepository.swift (in target 'Networking' from project 'Networking')

SwiftDriverJobDiscovery normal arm64 Compiling APIClient.swift (in target 'Networking' from project 'Networking')

SwiftDriverJobDiscovery normal arm64 Compiling DestinationAPI.swift (in target 'Networking' from project 'Networking')

SwiftDriver\ Compilation Networking normal arm64 com.apple.xcode.tools.swift.compiler (in target 'Networking' from project 'Networking')
    cd /Users/apple/Documents/Swift/Travel-Companion
    builtin-Swift-Compilation -- /Applications/Xcode.app/Contents/Developer/Toolchains/XcodeDefault.xctoolchain/usr/bin/swiftc -module-name Networking -Onone -enforce-exclusivity\=checked @/Users/apple/Library/Developer/Xcode/DerivedData/TravelCompanion-hihrfrveyzcocrfaffonbtiylepz/Build/Intermediates.noindex/Networking.build/Debug-iphonesimulator/Networking.build/Objects-normal/arm64/Networking.SwiftFileList -DSWIFT_PACKAGE -DDEBUG -DXcode -plugin-path /Applications/Xcode.app/Contents/Developer/Toolchains/XcodeDefault.xctoolchain/usr/lib/swift/host/plugins/testing -enable-experimental-feature DebugDescriptionMacro -sdk /Applications/Xcode.app/Contents/Developer/Platforms/iPhoneSimulator.platform/Developer/SDKs/iPhoneSimulator18.5.sdk -target arm64-apple-ios15.0-simulator -g -module-cache-path /Users/apple/Library/Developer/Xcode/DerivedData/ModuleCache.noindex -Xfrontend -serialize-debugging-options -profile-coverage-mapping -profile-generate -enable-testing -index-store-path /Users/apple/Library/Developer/Xcode/DerivedData/TravelCompanion-hihrfrveyzcocrfaffonbtiylepz/Index.noindex/DataStore -swift-version 5 -I /Users/apple/Library/Developer/Xcode/DerivedData/TravelCompanion-hihrfrveyzcocrfaffonbtiylepz/Build/Products/Debug-iphonesimulator -I /Applications/Xcode.app/Contents/Developer/Platforms/iPhoneSimulator.platform/Developer/usr/lib -F /Users/apple/Library/Developer/Xcode/DerivedData/TravelCompanion-hihrfrveyzcocrfaffonbtiylepz/Build/Products/Debug-iphonesimulator/PackageFrameworks -F /Users/apple/Library/Developer/Xcode/DerivedData/TravelCompanion-hihrfrveyzcocrfaffonbtiylepz/Build/Products/Debug-iphonesimulator -F /Applications/Xcode.app/Contents/Developer/Platforms/iPhoneSimulator.platform/Developer/Library/Frameworks -F /Applications/Xcode.app/Contents/Developer/Platforms/iPhoneSimulator.platform/Developer/SDKs/iPhoneSimulator18.5.sdk/Developer/Library/Frameworks -c -j10 -enable-batch-mode -incremental -Xcc -ivfsstatcache -Xcc /Users/apple/Library/Developer/Xcode/DerivedData/SDKStatCaches.noindex/iphonesimulator18.5-22F76-d5fc8ad4295d2ef488fb7d0f804ce0c4.sdkstatcache -output-file-map /Users/apple/Library/Developer/Xcode/DerivedData/TravelCompanion-hihrfrveyzcocrfaffonbtiylepz/Build/Intermediates.noindex/Networking.build/Debug-iphonesimulator/Networking.build/Objects-normal/arm64/Networking-OutputFileMap.json -use-frontend-parseable-output -save-temps -no-color-diagnostics -serialize-diagnostics -emit-dependencies -emit-module -emit-module-path /Users/apple/Library/Developer/Xcode/DerivedData/TravelCompanion-hihrfrveyzcocrfaffonbtiylepz/Build/Intermediates.noindex/Networking.build/Debug-iphonesimulator/Networking.build/Objects-normal/arm64/Networking.swiftmodule -validate-clang-modules-once -clang-build-session-file /Users/apple/Library/Developer/Xcode/DerivedData/ModuleCache.noindex/Session.modulevalidation -package-name networking -Xcc -I/Users/apple/Library/Developer/Xcode/DerivedData/TravelCompanion-hihrfrveyzcocrfaffonbtiylepz/Build/Intermediates.noindex/Networking.build/Debug-iphonesimulator/Networking.build/swift-overrides.hmap -emit-const-values -Xfrontend -const-gather-protocols-file -Xfrontend /Users/apple/Library/Developer/Xcode/DerivedData/TravelCompanion-hihrfrveyzcocrfaffonbtiylepz/Build/Intermediates.noindex/Networking.build/Debug-iphonesimulator/Networking.build/Objects-normal/arm64/Networking_const_extract_protocols.json -Xcc -I/Users/apple/Library/Developer/Xcode/DerivedData/TravelCompanion-hihrfrveyzcocrfaffonbtiylepz/Build/Products/Debug-iphonesimulator/include -Xcc -I/Users/apple/Library/Developer/Xcode/DerivedData/TravelCompanion-hihrfrveyzcocrfaffonbtiylepz/Build/Intermediates.noindex/Networking.build/Debug-iphonesimulator/Networking.build/DerivedSources-normal/arm64 -Xcc -I/Users/apple/Library/Developer/Xcode/DerivedData/TravelCompanion-hihrfrveyzcocrfaffonbtiylepz/Build/Intermediates.noindex/Networking.build/Debug-iphonesimulator/Networking.build/DerivedSources/arm64 -Xcc -I/Users/apple/Library/Developer/Xcode/DerivedData/TravelCompanion-hihrfrveyzcocrfaffonbtiylepz/Build/Intermediates.noindex/Networking.build/Debug-iphonesimulator/Networking.build/DerivedSources -Xcc -DSWIFT_PACKAGE -Xcc -DDEBUG\=1 -emit-objc-header -emit-objc-header-path /Users/apple/Library/Developer/Xcode/DerivedData/TravelCompanion-hihrfrveyzcocrfaffonbtiylepz/Build/Intermediates.noindex/Networking.build/Debug-iphonesimulator/Networking.build/Objects-normal/arm64/Networking-Swift.h -working-directory /Users/apple/Documents/Swift/Travel-Companion -experimental-emit-module-separately -disable-cmo

Ld /Users/apple/Library/Developer/Xcode/DerivedData/TravelCompanion-hihrfrveyzcocrfaffonbtiylepz/Build/Products/Debug-iphonesimulator/Networking.o normal (in target 'Networking' from project 'Networking')
    cd /Users/apple/Documents/Swift/Travel-Companion/Packages/Networking
    /Applications/Xcode.app/Contents/Developer/Toolchains/XcodeDefault.xctoolchain/usr/bin/clang -Xlinker -reproducible -target arm64-apple-ios15.0-simulator -r -isysroot /Applications/Xcode.app/Contents/Developer/Platforms/iPhoneSimulator.platform/Developer/SDKs/iPhoneSimulator18.5.sdk -O0 -L/Users/apple/Library/Developer/Xcode/DerivedData/TravelCompanion-hihrfrveyzcocrfaffonbtiylepz/Build/Intermediates.noindex/EagerLinkingTBDs/Debug-iphonesimulator -L/Users/apple/Library/Developer/Xcode/DerivedData/TravelCompanion-hihrfrveyzcocrfaffonbtiylepz/Build/Products/Debug-iphonesimulator -L/Applications/Xcode.app/Contents/Developer/Platforms/iPhoneSimulator.platform/Developer/usr/lib -F/Users/apple/Library/Developer/Xcode/DerivedData/TravelCompanion-hihrfrveyzcocrfaffonbtiylepz/Build/Intermediates.noindex/EagerLinkingTBDs/Debug-iphonesimulator -F/Users/apple/Library/Developer/Xcode/DerivedData/TravelCompanion-hihrfrveyzcocrfaffonbtiylepz/Build/Products/Debug-iphonesimulator/PackageFrameworks -F/Users/apple/Library/Developer/Xcode/DerivedData/TravelCompanion-hihrfrveyzcocrfaffonbtiylepz/Build/Products/Debug-iphonesimulator -iframework /Applications/Xcode.app/Contents/Developer/Platforms/iPhoneSimulator.platform/Developer/Library/Frameworks -iframework /Applications/Xcode.app/Contents/Developer/Platforms/iPhoneSimulator.platform/Developer/SDKs/iPhoneSimulator18.5.sdk/Developer/Library/Frameworks -filelist /Users/apple/Library/Developer/Xcode/DerivedData/TravelCompanion-hihrfrveyzcocrfaffonbtiylepz/Build/Intermediates.noindex/Networking.build/Debug-iphonesimulator/Networking.build/Objects-normal/arm64/Networking.LinkFileList -nostdlib -Xlinker -object_path_lto -Xlinker /Users/apple/Library/Developer/Xcode/DerivedData/TravelCompanion-hihrfrveyzcocrfaffonbtiylepz/Build/Intermediates.noindex/Networking.build/Debug-iphonesimulator/Networking.build/Objects-normal/arm64/Networking_lto.o -rdynamic -Xlinker -no_deduplicate -Xlinker -objc_abi_version -Xlinker 2 -Xlinker -debug_variant -Xlinker -dependency_info -Xlinker /Users/apple/Library/Developer/Xcode/DerivedData/TravelCompanion-hihrfrveyzcocrfaffonbtiylepz/Build/Intermediates.noindex/Networking.build/Debug-iphonesimulator/Networking.build/Objects-normal/arm64/Networking_dependency_info.dat -fobjc-link-runtime -L/Applications/Xcode.app/Contents/Developer/Toolchains/XcodeDefault.xctoolchain/usr/lib/swift/iphonesimulator -L/usr/lib/swift -Xlinker -add_ast_path -Xlinker /Users/apple/Library/Developer/Xcode/DerivedData/TravelCompanion-hihrfrveyzcocrfaffonbtiylepz/Build/Intermediates.noindex/Networking.build/Debug-iphonesimulator/Networking.build/Objects-normal/arm64/Networking.swiftmodule -o /Users/apple/Library/Developer/Xcode/DerivedData/TravelCompanion-hihrfrveyzcocrfaffonbtiylepz/Build/Products/Debug-iphonesimulator/Networking.o

ExtractAppIntentsMetadata (in target 'Networking' from project 'Networking')
    cd /Users/apple/Documents/Swift/Travel-Companion/Packages/Networking
    /Applications/Xcode.app/Contents/Developer/Toolchains/XcodeDefault.xctoolchain/usr/bin/appintentsmetadataprocessor --toolchain-dir /Applications/Xcode.app/Contents/Developer/Toolchains/XcodeDefault.xctoolchain --module-name Networking --sdk-root /Applications/Xcode.app/Contents/Developer/Platforms/iPhoneSimulator.platform/Developer/SDKs/iPhoneSimulator18.5.sdk --xcode-version 16F6 --platform-family iOS --deployment-target 15.0 --bundle-identifier networking.Networking --output /Users/apple/Library/Developer/Xcode/DerivedData/TravelCompanion-hihrfrveyzcocrfaffonbtiylepz/Build/Products/Debug-iphonesimulator/Networking.appintents --target-triple arm64-apple-ios15.0-simulator --binary-file /Users/apple/Library/Developer/Xcode/DerivedData/TravelCompanion-hihrfrveyzcocrfaffonbtiylepz/Build/Products/Debug-iphonesimulator/Networking.o --dependency-file /Users/apple/Library/Developer/Xcode/DerivedData/TravelCompanion-hihrfrveyzcocrfaffonbtiylepz/Build/Intermediates.noindex/Networking.build/Debug-iphonesimulator/Networking.build/Objects-normal/arm64/Networking_dependency_info.dat --stringsdata-file /Users/apple/Library/Developer/Xcode/DerivedData/TravelCompanion-hihrfrveyzcocrfaffonbtiylepz/Build/Intermediates.noindex/Networking.build/Debug-iphonesimulator/Networking.build/Objects-normal/arm64/ExtractedAppShortcutsMetadata.stringsdata --source-file-list /Users/apple/Library/Developer/Xcode/DerivedData/TravelCompanion-hihrfrveyzcocrfaffonbtiylepz/Build/Intermediates.noindex/Networking.build/Debug-iphonesimulator/Networking.build/Objects-normal/arm64/Networking.SwiftFileList --metadata-file-list /Users/apple/Library/Developer/Xcode/DerivedData/TravelCompanion-hihrfrveyzcocrfaffonbtiylepz/Build/Intermediates.noindex/Networking.build/Debug-iphonesimulator/Networking.build/Networking.DependencyMetadataFileList --static-metadata-file-list /Users/apple/Library/Developer/Xcode/DerivedData/TravelCompanion-hihrfrveyzcocrfaffonbtiylepz/Build/Intermediates.noindex/Networking.build/Debug-iphonesimulator/Networking.build/Networking.DependencyStaticMetadataFileList --swift-const-vals-list /Users/apple/Library/Developer/Xcode/DerivedData/TravelCompanion-hihrfrveyzcocrfaffonbtiylepz/Build/Intermediates.noindex/Networking.build/Debug-iphonesimulator/Networking.build/Objects-normal/arm64/Networking.SwiftConstValuesFileList --force --compile-time-extraction --deployment-aware-processing --validate-assistant-intents --no-app-shortcuts-localization
2025-11-19 23:40:29.454 appintentsmetadataprocessor[82728:18470925] Starting appintentsmetadataprocessor export
2025-11-19 23:40:29.488 appintentsmetadataprocessor[82728:18470925] Extracted no relevant App Intents symbols, skipping writing output

RegisterExecutionPolicyException /Users/apple/Library/Developer/Xcode/DerivedData/TravelCompanion-hihrfrveyzcocrfaffonbtiylepz/Build/Products/Debug-iphonesimulator/Networking.o (in target 'Networking' from project 'Networking')
    cd /Users/apple/Documents/Swift/Travel-Companion/Packages/Networking
    builtin-RegisterExecutionPolicyException /Users/apple/Library/Developer/Xcode/DerivedData/TravelCompanion-hihrfrveyzcocrfaffonbtiylepz/Build/Products/Debug-iphonesimulator/Networking.o

Ld /Users/apple/Library/Developer/Xcode/DerivedData/TravelCompanion-hihrfrveyzcocrfaffonbtiylepz/Build/Products/Debug-iphonesimulator/TravelCompanionApp.app/__preview.dylib normal (in target 'TravelCompanionApp' from project 'TravelCompanionApp')
    cd /Users/apple/Documents/Swift/Travel-Companion/TravelCompanionApp
    /Applications/Xcode.app/Contents/Developer/Toolchains/XcodeDefault.xctoolchain/usr/bin/clang -Xlinker -reproducible -target arm64-apple-ios18.5-simulator -dynamiclib -isysroot /Applications/Xcode.app/Contents/Developer/Platforms/iPhoneSimulator.platform/Developer/SDKs/iPhoneSimulator18.5.sdk -O0 -L/Users/apple/Library/Developer/Xcode/DerivedData/TravelCompanion-hihrfrveyzcocrfaffonbtiylepz/Build/Products/Debug-iphonesimulator -F/Users/apple/Library/Developer/Xcode/DerivedData/TravelCompanion-hihrfrveyzcocrfaffonbtiylepz/Build/Products/Debug-iphonesimulator/PackageFrameworks -F/Users/apple/Library/Developer/Xcode/DerivedData/TravelCompanion-hihrfrveyzcocrfaffonbtiylepz/Build/Products/Debug-iphonesimulator/PackageFrameworks -F/Users/apple/Library/Developer/Xcode/DerivedData/TravelCompanion-hihrfrveyzcocrfaffonbtiylepz/Build/Products/Debug-iphonesimulator/PackageFrameworks -F/Users/apple/Library/Developer/Xcode/DerivedData/TravelCompanion-hihrfrveyzcocrfaffonbtiylepz/Build/Products/Debug-iphonesimulator -install_name @rpath/TravelCompanionApp.debug.dylib -dead_strip -rdynamic -Xlinker -no_deduplicate -Xlinker -objc_abi_version -Xlinker 2 -Xlinker -debug_variant -Xlinker -dependency_info -Xlinker /Users/apple/Library/Developer/Xcode/DerivedData/TravelCompanion-hihrfrveyzcocrfaffonbtiylepz/Build/Intermediates.noindex/TravelCompanionApp.build/Debug-iphonesimulator/TravelCompanionApp.build/Objects-normal/arm64/TravelCompanionApp_dependency_info.dat -Xlinker -sectcreate -Xlinker __TEXT -Xlinker __entitlements -Xlinker /Users/apple/Library/Developer/Xcode/DerivedData/TravelCompanion-hihrfrveyzcocrfaffonbtiylepz/Build/Intermediates.noindex/TravelCompanionApp.build/Debug-iphonesimulator/TravelCompanionApp.build/TravelCompanionApp.app-Simulated.xcent -Xlinker -sectcreate -Xlinker __TEXT -Xlinker __ents_der -Xlinker /Users/apple/Library/Developer/Xcode/DerivedData/TravelCompanion-hihrfrveyzcocrfaffonbtiylepz/Build/Intermediates.noindex/TravelCompanionApp.build/Debug-iphonesimulator/TravelCompanionApp.build/TravelCompanionApp.app-Simulated.xcent.der -Xlinker -no_adhoc_codesign -o /Users/apple/Library/Developer/Xcode/DerivedData/TravelCompanion-hihrfrveyzcocrfaffonbtiylepz/Build/Products/Debug-iphonesimulator/TravelCompanionApp.app/__preview.dylib

ProcessInfoPlistFile /Users/apple/Library/Developer/Xcode/DerivedData/TravelCompanion-hihrfrveyzcocrfaffonbtiylepz/Build/Products/Debug-iphonesimulator/TravelCompanionApp.app/Info.plist /Users/apple/Library/Developer/Xcode/DerivedData/TravelCompanion-hihrfrveyzcocrfaffonbtiylepz/Build/Intermediates.noindex/TravelCompanionApp.build/Debug-iphonesimulator/TravelCompanionApp.build/empty-TravelCompanionApp.plist (in target 'TravelCompanionApp' from project 'TravelCompanionApp')
    cd /Users/apple/Documents/Swift/Travel-Companion/TravelCompanionApp
    builtin-infoPlistUtility /Users/apple/Library/Developer/Xcode/DerivedData/TravelCompanion-hihrfrveyzcocrfaffonbtiylepz/Build/Intermediates.noindex/TravelCompanionApp.build/Debug-iphonesimulator/TravelCompanionApp.build/empty-TravelCompanionApp.plist -producttype com.apple.product-type.application -genpkginfo /Users/apple/Library/Developer/Xcode/DerivedData/TravelCompanion-hihrfrveyzcocrfaffonbtiylepz/Build/Products/Debug-iphonesimulator/TravelCompanionApp.app/PkgInfo -expandbuildsettings -format binary -platform iphonesimulator -additionalcontentfile /Users/apple/Library/Developer/Xcode/DerivedData/TravelCompanion-hihrfrveyzcocrfaffonbtiylepz/Build/Intermediates.noindex/TravelCompanionApp.build/Debug-iphonesimulator/TravelCompanionApp.build/assetcatalog_generated_info.plist -o /Users/apple/Library/Developer/Xcode/DerivedData/TravelCompanion-hihrfrveyzcocrfaffonbtiylepz/Build/Products/Debug-iphonesimulator/TravelCompanionApp.app/Info.plist

SwiftDriver TravelCompanionApp normal arm64 com.apple.xcode.tools.swift.compiler (in target 'TravelCompanionApp' from project 'TravelCompanionApp')
    cd /Users/apple/Documents/Swift/Travel-Companion/TravelCompanionApp
    builtin-SwiftDriver -- /Applications/Xcode.app/Contents/Developer/Toolchains/XcodeDefault.xctoolchain/usr/bin/swiftc -module-name TravelCompanionApp -Onone -enforce-exclusivity\=checked @/Users/apple/Library/Developer/Xcode/DerivedData/TravelCompanion-hihrfrveyzcocrfaffonbtiylepz/Build/Intermediates.noindex/TravelCompanionApp.build/Debug-iphonesimulator/TravelCompanionApp.build/Objects-normal/arm64/TravelCompanionApp.SwiftFileList -DDEBUG -enable-bare-slash-regex -enable-experimental-feature DebugDescriptionMacro -sdk /Applications/Xcode.app/Contents/Developer/Platforms/iPhoneSimulator.platform/Developer/SDKs/iPhoneSimulator18.5.sdk -target arm64-apple-ios18.5-simulator -g -module-cache-path /Users/apple/Library/Developer/Xcode/DerivedData/ModuleCache.noindex -Xfrontend -serialize-debugging-options -profile-coverage-mapping -profile-generate -enable-testing -index-store-path /Users/apple/Library/Developer/Xcode/DerivedData/TravelCompanion-hihrfrveyzcocrfaffonbtiylepz/Index.noindex/DataStore -swift-version 5 -I /Users/apple/Library/Developer/Xcode/DerivedData/TravelCompanion-hihrfrveyzcocrfaffonbtiylepz/Build/Products/Debug-iphonesimulator -F /Users/apple/Library/Developer/Xcode/DerivedData/TravelCompanion-hihrfrveyzcocrfaffonbtiylepz/Build/Products/Debug-iphonesimulator/PackageFrameworks -F /Users/apple/Library/Developer/Xcode/DerivedData/TravelCompanion-hihrfrveyzcocrfaffonbtiylepz/Build/Products/Debug-iphonesimulator/PackageFrameworks -F /Users/apple/Library/Developer/Xcode/DerivedData/TravelCompanion-hihrfrveyzcocrfaffonbtiylepz/Build/Products/Debug-iphonesimulator/PackageFrameworks -F /Users/apple/Library/Developer/Xcode/DerivedData/TravelCompanion-hihrfrveyzcocrfaffonbtiylepz/Build/Products/Debug-iphonesimulator -emit-localized-strings -emit-localized-strings-path /Users/apple/Library/Developer/Xcode/DerivedData/TravelCompanion-hihrfrveyzcocrfaffonbtiylepz/Build/Intermediates.noindex/TravelCompanionApp.build/Debug-iphonesimulator/TravelCompanionApp.build/Objects-normal/arm64 -c -j10 -enable-batch-mode -incremental -Xcc -ivfsstatcache -Xcc /Users/apple/Library/Developer/Xcode/DerivedData/SDKStatCaches.noindex/iphonesimulator18.5-22F76-d5fc8ad4295d2ef488fb7d0f804ce0c4.sdkstatcache -output-file-map /Users/apple/Library/Developer/Xcode/DerivedData/TravelCompanion-hihrfrveyzcocrfaffonbtiylepz/Build/Intermediates.noindex/TravelCompanionApp.build/Debug-iphonesimulator/TravelCompanionApp.build/Objects-normal/arm64/TravelCompanionApp-OutputFileMap.json -use-frontend-parseable-output -save-temps -no-color-diagnostics -serialize-diagnostics -emit-dependencies -emit-module -emit-module-path /Users/apple/Library/Developer/Xcode/DerivedData/TravelCompanion-hihrfrveyzcocrfaffonbtiylepz/Build/Intermediates.noindex/TravelCompanionApp.build/Debug-iphonesimulator/TravelCompanionApp.build/Objects-normal/arm64/TravelCompanionApp.swiftmodule -validate-clang-modules-once -clang-build-session-file /Users/apple/Library/Developer/Xcode/DerivedData/ModuleCache.noindex/Session.modulevalidation -Xcc -I/Users/apple/Library/Developer/Xcode/DerivedData/TravelCompanion-hihrfrveyzcocrfaffonbtiylepz/Build/Intermediates.noindex/TravelCompanionApp.build/Debug-iphonesimulator/TravelCompanionApp.build/swift-overrides.hmap -emit-const-values -Xfrontend -const-gather-protocols-file -Xfrontend /Users/apple/Library/Developer/Xcode/DerivedData/TravelCompanion-hihrfrveyzcocrfaffonbtiylepz/Build/Intermediates.noindex/TravelCompanionApp.build/Debug-iphonesimulator/TravelCompanionApp.build/Objects-normal/arm64/TravelCompanionApp_const_extract_protocols.json -Xcc -iquote -Xcc /Users/apple/Library/Developer/Xcode/DerivedData/TravelCompanion-hihrfrveyzcocrfaffonbtiylepz/Build/Intermediates.noindex/TravelCompanionApp.build/Debug-iphonesimulator/TravelCompanionApp.build/TravelCompanionApp-generated-files.hmap -Xcc -I/Users/apple/Library/Developer/Xcode/DerivedData/TravelCompanion-hihrfrveyzcocrfaffonbtiylepz/Build/Intermediates.noindex/TravelCompanionApp.build/Debug-iphonesimulator/TravelCompanionApp.build/TravelCompanionApp-own-target-headers.hmap -Xcc -I/Users/apple/Library/Developer/Xcode/DerivedData/TravelCompanion-hihrfrveyzcocrfaffonbtiylepz/Build/Intermediates.noindex/TravelCompanionApp.build/Debug-iphonesimulator/TravelCompanionApp.build/TravelCompanionApp-all-non-framework-target-headers.hmap -Xcc -ivfsoverlay -Xcc /Users/apple/Library/Developer/Xcode/DerivedData/TravelCompanion-hihrfrveyzcocrfaffonbtiylepz/Build/Intermediates.noindex/TravelCompanionApp.build/Debug-iphonesimulator/TravelCompanionApp-fcce090358e52d0ba2ca19d5be46f273-VFS-iphonesimulator/all-product-headers.yaml -Xcc -iquote -Xcc /Users/apple/Library/Developer/Xcode/DerivedData/TravelCompanion-hihrfrveyzcocrfaffonbtiylepz/Build/Intermediates.noindex/TravelCompanionApp.build/Debug-iphonesimulator/TravelCompanionApp.build/TravelCompanionApp-project-headers.hmap -Xcc -I/Users/apple/Library/Developer/Xcode/DerivedData/TravelCompanion-hihrfrveyzcocrfaffonbtiylepz/Build/Products/Debug-iphonesimulator/include -Xcc -I/Users/apple/Library/Developer/Xcode/DerivedData/TravelCompanion-hihrfrveyzcocrfaffonbtiylepz/Build/Intermediates.noindex/TravelCompanionApp.build/Debug-iphonesimulator/TravelCompanionApp.build/DerivedSources-normal/arm64 -Xcc -I/Users/apple/Library/Developer/Xcode/DerivedData/TravelCompanion-hihrfrveyzcocrfaffonbtiylepz/Build/Intermediates.noindex/TravelCompanionApp.build/Debug-iphonesimulator/TravelCompanionApp.build/DerivedSources/arm64 -Xcc -I/Users/apple/Library/Developer/Xcode/DerivedData/TravelCompanion-hihrfrveyzcocrfaffonbtiylepz/Build/Intermediates.noindex/TravelCompanionApp.build/Debug-iphonesimulator/TravelCompanionApp.build/DerivedSources -Xcc -DDEBUG\=1 -emit-objc-header -emit-objc-header-path /Users/apple/Library/Developer/Xcode/DerivedData/TravelCompanion-hihrfrveyzcocrfaffonbtiylepz/Build/Intermediates.noindex/TravelCompanionApp.build/Debug-iphonesimulator/TravelCompanionApp.build/Objects-normal/arm64/TravelCompanionApp-Swift.h -working-directory /Users/apple/Documents/Swift/Travel-Companion/TravelCompanionApp -experimental-emit-module-separately -disable-cmo

SwiftEmitModule normal arm64 Emitting\ module\ for\ TravelCompanionApp (in target 'TravelCompanionApp' from project 'TravelCompanionApp')

EmitSwiftModule normal arm64 (in target 'TravelCompanionApp' from project 'TravelCompanionApp')
    cd /Users/apple/Documents/Swift/Travel-Companion/TravelCompanionApp
    

SwiftCompile normal arm64 Compiling\ GeneratedAssetSymbols.swift /Users/apple/Library/Developer/Xcode/DerivedData/TravelCompanion-hihrfrveyzcocrfaffonbtiylepz/Build/Intermediates.noindex/TravelCompanionApp.build/Debug-iphonesimulator/TravelCompanionApp.build/DerivedSources/GeneratedAssetSymbols.swift (in target 'TravelCompanionApp' from project 'TravelCompanionApp')

SwiftCompile normal arm64 /Users/apple/Library/Developer/Xcode/DerivedData/TravelCompanion-hihrfrveyzcocrfaffonbtiylepz/Build/Intermediates.noindex/TravelCompanionApp.build/Debug-iphonesimulator/TravelCompanionApp.build/DerivedSources/GeneratedAssetSymbols.swift (in target 'TravelCompanionApp' from project 'TravelCompanionApp')
    cd /Users/apple/Documents/Swift/Travel-Companion/TravelCompanionApp
    

SwiftCompile normal arm64 Compiling\ ContentView.swift /Users/apple/Documents/Swift/Travel-Companion/TravelCompanionApp/TravelCompanionApp/ContentView.swift (in target 'TravelCompanionApp' from project 'TravelCompanionApp')
SwiftCompile normal arm64 /Users/apple/Documents/Swift/Travel-Companion/TravelCompanionApp/TravelCompanionApp/ContentView.swift (in target 'TravelCompanionApp' from project 'TravelCompanionApp')
    cd /Users/apple/Documents/Swift/Travel-Companion/TravelCompanionApp
    

SwiftCompile normal arm64 Compiling\ TravelCompanionAppApp.swift /Users/apple/Documents/Swift/Travel-Companion/TravelCompanionApp/TravelCompanionApp/TravelCompanionAppApp.swift (in target 'TravelCompanionApp' from project 'TravelCompanionApp')

SwiftCompile normal arm64 /Users/apple/Documents/Swift/Travel-Companion/TravelCompanionApp/TravelCompanionApp/TravelCompanionAppApp.swift (in target 'TravelCompanionApp' from project 'TravelCompanionApp')
    cd /Users/apple/Documents/Swift/Travel-Companion/TravelCompanionApp
    

SwiftDriverJobDiscovery normal arm64 Compiling TravelCompanionAppApp.swift (in target 'TravelCompanionApp' from project 'TravelCompanionApp')

SwiftDriverJobDiscovery normal arm64 Compiling GeneratedAssetSymbols.swift (in target 'TravelCompanionApp' from project 'TravelCompanionApp')

SwiftDriverJobDiscovery normal arm64 Emitting module for TravelCompanionApp (in target 'TravelCompanionApp' from project 'TravelCompanionApp')

SwiftDriver\ Compilation\ Requirements TravelCompanionApp normal arm64 com.apple.xcode.tools.swift.compiler (in target 'TravelCompanionApp' from project 'TravelCompanionApp')
    cd /Users/apple/Documents/Swift/Travel-Companion/TravelCompanionApp
    builtin-Swift-Compilation-Requirements -- /Applications/Xcode.app/Contents/Developer/Toolchains/XcodeDefault.xctoolchain/usr/bin/swiftc -module-name TravelCompanionApp -Onone -enforce-exclusivity\=checked @/Users/apple/Library/Developer/Xcode/DerivedData/TravelCompanion-hihrfrveyzcocrfaffonbtiylepz/Build/Intermediates.noindex/TravelCompanionApp.build/Debug-iphonesimulator/TravelCompanionApp.build/Objects-normal/arm64/TravelCompanionApp.SwiftFileList -DDEBUG -enable-bare-slash-regex -enable-experimental-feature DebugDescriptionMacro -sdk /Applications/Xcode.app/Contents/Developer/Platforms/iPhoneSimulator.platform/Developer/SDKs/iPhoneSimulator18.5.sdk -target arm64-apple-ios18.5-simulator -g -module-cache-path /Users/apple/Library/Developer/Xcode/DerivedData/ModuleCache.noindex -Xfrontend -serialize-debugging-options -profile-coverage-mapping -profile-generate -enable-testing -index-store-path /Users/apple/Library/Developer/Xcode/DerivedData/TravelCompanion-hihrfrveyzcocrfaffonbtiylepz/Index.noindex/DataStore -swift-version 5 -I /Users/apple/Library/Developer/Xcode/DerivedData/TravelCompanion-hihrfrveyzcocrfaffonbtiylepz/Build/Products/Debug-iphonesimulator -F /Users/apple/Library/Developer/Xcode/DerivedData/TravelCompanion-hihrfrveyzcocrfaffonbtiylepz/Build/Products/Debug-iphonesimulator/PackageFrameworks -F /Users/apple/Library/Developer/Xcode/DerivedData/TravelCompanion-hihrfrveyzcocrfaffonbtiylepz/Build/Products/Debug-iphonesimulator/PackageFrameworks -F /Users/apple/Library/Developer/Xcode/DerivedData/TravelCompanion-hihrfrveyzcocrfaffonbtiylepz/Build/Products/Debug-iphonesimulator/PackageFrameworks -F /Users/apple/Library/Developer/Xcode/DerivedData/TravelCompanion-hihrfrveyzcocrfaffonbtiylepz/Build/Products/Debug-iphonesimulator -emit-localized-strings -emit-localized-strings-path /Users/apple/Library/Developer/Xcode/DerivedData/TravelCompanion-hihrfrveyzcocrfaffonbtiylepz/Build/Intermediates.noindex/TravelCompanionApp.build/Debug-iphonesimulator/TravelCompanionApp.build/Objects-normal/arm64 -c -j10 -enable-batch-mode -incremental -Xcc -ivfsstatcache -Xcc /Users/apple/Library/Developer/Xcode/DerivedData/SDKStatCaches.noindex/iphonesimulator18.5-22F76-d5fc8ad4295d2ef488fb7d0f804ce0c4.sdkstatcache -output-file-map /Users/apple/Library/Developer/Xcode/DerivedData/TravelCompanion-hihrfrveyzcocrfaffonbtiylepz/Build/Intermediates.noindex/TravelCompanionApp.build/Debug-iphonesimulator/TravelCompanionApp.build/Objects-normal/arm64/TravelCompanionApp-OutputFileMap.json -use-frontend-parseable-output -save-temps -no-color-diagnostics -serialize-diagnostics -emit-dependencies -emit-module -emit-module-path /Users/apple/Library/Developer/Xcode/DerivedData/TravelCompanion-hihrfrveyzcocrfaffonbtiylepz/Build/Intermediates.noindex/TravelCompanionApp.build/Debug-iphonesimulator/TravelCompanionApp.build/Objects-normal/arm64/TravelCompanionApp.swiftmodule -validate-clang-modules-once -clang-build-session-file /Users/apple/Library/Developer/Xcode/DerivedData/ModuleCache.noindex/Session.modulevalidation -Xcc -I/Users/apple/Library/Developer/Xcode/DerivedData/TravelCompanion-hihrfrveyzcocrfaffonbtiylepz/Build/Intermediates.noindex/TravelCompanionApp.build/Debug-iphonesimulator/TravelCompanionApp.build/swift-overrides.hmap -emit-const-values -Xfrontend -const-gather-protocols-file -Xfrontend /Users/apple/Library/Developer/Xcode/DerivedData/TravelCompanion-hihrfrveyzcocrfaffonbtiylepz/Build/Intermediates.noindex/TravelCompanionApp.build/Debug-iphonesimulator/TravelCompanionApp.build/Objects-normal/arm64/TravelCompanionApp_const_extract_protocols.json -Xcc -iquote -Xcc /Users/apple/Library/Developer/Xcode/DerivedData/TravelCompanion-hihrfrveyzcocrfaffonbtiylepz/Build/Intermediates.noindex/TravelCompanionApp.build/Debug-iphonesimulator/TravelCompanionApp.build/TravelCompanionApp-generated-files.hmap -Xcc -I/Users/apple/Library/Developer/Xcode/DerivedData/TravelCompanion-hihrfrveyzcocrfaffonbtiylepz/Build/Intermediates.noindex/TravelCompanionApp.build/Debug-iphonesimulator/TravelCompanionApp.build/TravelCompanionApp-own-target-headers.hmap -Xcc -I/Users/apple/Library/Developer/Xcode/DerivedData/TravelCompanion-hihrfrveyzcocrfaffonbtiylepz/Build/Intermediates.noindex/TravelCompanionApp.build/Debug-iphonesimulator/TravelCompanionApp.build/TravelCompanionApp-all-non-framework-target-headers.hmap -Xcc -ivfsoverlay -Xcc /Users/apple/Library/Developer/Xcode/DerivedData/TravelCompanion-hihrfrveyzcocrfaffonbtiylepz/Build/Intermediates.noindex/TravelCompanionApp.build/Debug-iphonesimulator/TravelCompanionApp-fcce090358e52d0ba2ca19d5be46f273-VFS-iphonesimulator/all-product-headers.yaml -Xcc -iquote -Xcc /Users/apple/Library/Developer/Xcode/DerivedData/TravelCompanion-hihrfrveyzcocrfaffonbtiylepz/Build/Intermediates.noindex/TravelCompanionApp.build/Debug-iphonesimulator/TravelCompanionApp.build/TravelCompanionApp-project-headers.hmap -Xcc -I/Users/apple/Library/Developer/Xcode/DerivedData/TravelCompanion-hihrfrveyzcocrfaffonbtiylepz/Build/Products/Debug-iphonesimulator/include -Xcc -I/Users/apple/Library/Developer/Xcode/DerivedData/TravelCompanion-hihrfrveyzcocrfaffonbtiylepz/Build/Intermediates.noindex/TravelCompanionApp.build/Debug-iphonesimulator/TravelCompanionApp.build/DerivedSources-normal/arm64 -Xcc -I/Users/apple/Library/Developer/Xcode/DerivedData/TravelCompanion-hihrfrveyzcocrfaffonbtiylepz/Build/Intermediates.noindex/TravelCompanionApp.build/Debug-iphonesimulator/TravelCompanionApp.build/DerivedSources/arm64 -Xcc -I/Users/apple/Library/Developer/Xcode/DerivedData/TravelCompanion-hihrfrveyzcocrfaffonbtiylepz/Build/Intermediates.noindex/TravelCompanionApp.build/Debug-iphonesimulator/TravelCompanionApp.build/DerivedSources -Xcc -DDEBUG\=1 -emit-objc-header -emit-objc-header-path /Users/apple/Library/Developer/Xcode/DerivedData/TravelCompanion-hihrfrveyzcocrfaffonbtiylepz/Build/Intermediates.noindex/TravelCompanionApp.build/Debug-iphonesimulator/TravelCompanionApp.build/Objects-normal/arm64/TravelCompanionApp-Swift.h -working-directory /Users/apple/Documents/Swift/Travel-Companion/TravelCompanionApp -experimental-emit-module-separately -disable-cmo

SwiftMergeGeneratedHeaders /Users/apple/Library/Developer/Xcode/DerivedData/TravelCompanion-hihrfrveyzcocrfaffonbtiylepz/Build/Intermediates.noindex/TravelCompanionApp.build/Debug-iphonesimulator/TravelCompanionApp.build/DerivedSources/TravelCompanionApp-Swift.h /Users/apple/Library/Developer/Xcode/DerivedData/TravelCompanion-hihrfrveyzcocrfaffonbtiylepz/Build/Intermediates.noindex/TravelCompanionApp.build/Debug-iphonesimulator/TravelCompanionApp.build/Objects-normal/arm64/TravelCompanionApp-Swift.h (in target 'TravelCompanionApp' from project 'TravelCompanionApp')
    cd /Users/apple/Documents/Swift/Travel-Companion/TravelCompanionApp
    builtin-swiftHeaderTool -arch arm64 /Users/apple/Library/Developer/Xcode/DerivedData/TravelCompanion-hihrfrveyzcocrfaffonbtiylepz/Build/Intermediates.noindex/TravelCompanionApp.build/Debug-iphonesimulator/TravelCompanionApp.build/Objects-normal/arm64/TravelCompanionApp-Swift.h -o /Users/apple/Library/Developer/Xcode/DerivedData/TravelCompanion-hihrfrveyzcocrfaffonbtiylepz/Build/Intermediates.noindex/TravelCompanionApp.build/Debug-iphonesimulator/TravelCompanionApp.build/DerivedSources/TravelCompanionApp-Swift.h

Copy /Users/apple/Library/Developer/Xcode/DerivedData/TravelCompanion-hihrfrveyzcocrfaffonbtiylepz/Build/Products/Debug-iphonesimulator/TravelCompanionApp.swiftmodule/arm64-apple-ios-simulator.swiftdoc /Users/apple/Library/Developer/Xcode/DerivedData/TravelCompanion-hihrfrveyzcocrfaffonbtiylepz/Build/Intermediates.noindex/TravelCompanionApp.build/Debug-iphonesimulator/TravelCompanionApp.build/Objects-normal/arm64/TravelCompanionApp.swiftdoc (in target 'TravelCompanionApp' from project 'TravelCompanionApp')
    cd /Users/apple/Documents/Swift/Travel-Companion/TravelCompanionApp
    builtin-copy -exclude .DS_Store -exclude CVS -exclude .svn -exclude .git -exclude .hg -resolve-src-symlinks -rename /Users/apple/Library/Developer/Xcode/DerivedData/TravelCompanion-hihrfrveyzcocrfaffonbtiylepz/Build/Intermediates.noindex/TravelCompanionApp.build/Debug-iphonesimulator/TravelCompanionApp.build/Objects-normal/arm64/TravelCompanionApp.swiftdoc /Users/apple/Library/Developer/Xcode/DerivedData/TravelCompanion-hihrfrveyzcocrfaffonbtiylepz/Build/Products/Debug-iphonesimulator/TravelCompanionApp.swiftmodule/arm64-apple-ios-simulator.swiftdoc

Copy /Users/apple/Library/Developer/Xcode/DerivedData/TravelCompanion-hihrfrveyzcocrfaffonbtiylepz/Build/Products/Debug-iphonesimulator/TravelCompanionApp.swiftmodule/arm64-apple-ios-simulator.abi.json /Users/apple/Library/Developer/Xcode/DerivedData/TravelCompanion-hihrfrveyzcocrfaffonbtiylepz/Build/Intermediates.noindex/TravelCompanionApp.build/Debug-iphonesimulator/TravelCompanionApp.build/Objects-normal/arm64/TravelCompanionApp.abi.json (in target 'TravelCompanionApp' from project 'TravelCompanionApp')
    cd /Users/apple/Documents/Swift/Travel-Companion/TravelCompanionApp
    builtin-copy -exclude .DS_Store -exclude CVS -exclude .svn -exclude .git -exclude .hg -resolve-src-symlinks -rename /Users/apple/Library/Developer/Xcode/DerivedData/TravelCompanion-hihrfrveyzcocrfaffonbtiylepz/Build/Intermediates.noindex/TravelCompanionApp.build/Debug-iphonesimulator/TravelCompanionApp.build/Objects-normal/arm64/TravelCompanionApp.abi.json /Users/apple/Library/Developer/Xcode/DerivedData/TravelCompanion-hihrfrveyzcocrfaffonbtiylepz/Build/Products/Debug-iphonesimulator/TravelCompanionApp.swiftmodule/arm64-apple-ios-simulator.abi.json

Copy /Users/apple/Library/Developer/Xcode/DerivedData/TravelCompanion-hihrfrveyzcocrfaffonbtiylepz/Build/Products/Debug-iphonesimulator/TravelCompanionApp.swiftmodule/arm64-apple-ios-simulator.swiftmodule /Users/apple/Library/Developer/Xcode/DerivedData/TravelCompanion-hihrfrveyzcocrfaffonbtiylepz/Build/Intermediates.noindex/TravelCompanionApp.build/Debug-iphonesimulator/TravelCompanionApp.build/Objects-normal/arm64/TravelCompanionApp.swiftmodule (in target 'TravelCompanionApp' from project 'TravelCompanionApp')
    cd /Users/apple/Documents/Swift/Travel-Companion/TravelCompanionApp
    builtin-copy -exclude .DS_Store -exclude CVS -exclude .svn -exclude .git -exclude .hg -resolve-src-symlinks -rename /Users/apple/Library/Developer/Xcode/DerivedData/TravelCompanion-hihrfrveyzcocrfaffonbtiylepz/Build/Intermediates.noindex/TravelCompanionApp.build/Debug-iphonesimulator/TravelCompanionApp.build/Objects-normal/arm64/TravelCompanionApp.swiftmodule /Users/apple/Library/Developer/Xcode/DerivedData/TravelCompanion-hihrfrveyzcocrfaffonbtiylepz/Build/Products/Debug-iphonesimulator/TravelCompanionApp.swiftmodule/arm64-apple-ios-simulator.swiftmodule

Copy /Users/apple/Library/Developer/Xcode/DerivedData/TravelCompanion-hihrfrveyzcocrfaffonbtiylepz/Build/Products/Debug-iphonesimulator/TravelCompanionApp.swiftmodule/Project/arm64-apple-ios-simulator.swiftsourceinfo /Users/apple/Library/Developer/Xcode/DerivedData/TravelCompanion-hihrfrveyzcocrfaffonbtiylepz/Build/Intermediates.noindex/TravelCompanionApp.build/Debug-iphonesimulator/TravelCompanionApp.build/Objects-normal/arm64/TravelCompanionApp.swiftsourceinfo (in target 'TravelCompanionApp' from project 'TravelCompanionApp')
    cd /Users/apple/Documents/Swift/Travel-Companion/TravelCompanionApp
    builtin-copy -exclude .DS_Store -exclude CVS -exclude .svn -exclude .git -exclude .hg -resolve-src-symlinks -rename /Users/apple/Library/Developer/Xcode/DerivedData/TravelCompanion-hihrfrveyzcocrfaffonbtiylepz/Build/Intermediates.noindex/TravelCompanionApp.build/Debug-iphonesimulator/TravelCompanionApp.build/Objects-normal/arm64/TravelCompanionApp.swiftsourceinfo /Users/apple/Library/Developer/Xcode/DerivedData/TravelCompanion-hihrfrveyzcocrfaffonbtiylepz/Build/Products/Debug-iphonesimulator/TravelCompanionApp.swiftmodule/Project/arm64-apple-ios-simulator.swiftsourceinfo

SwiftDriverJobDiscovery normal arm64 Compiling ContentView.swift (in target 'TravelCompanionApp' from project 'TravelCompanionApp')

SwiftDriver\ Compilation TravelCompanionApp normal arm64 com.apple.xcode.tools.swift.compiler (in target 'TravelCompanionApp' from project 'TravelCompanionApp')
    cd /Users/apple/Documents/Swift/Travel-Companion/TravelCompanionApp
    builtin-Swift-Compilation -- /Applications/Xcode.app/Contents/Developer/Toolchains/XcodeDefault.xctoolchain/usr/bin/swiftc -module-name TravelCompanionApp -Onone -enforce-exclusivity\=checked @/Users/apple/Library/Developer/Xcode/DerivedData/TravelCompanion-hihrfrveyzcocrfaffonbtiylepz/Build/Intermediates.noindex/TravelCompanionApp.build/Debug-iphonesimulator/TravelCompanionApp.build/Objects-normal/arm64/TravelCompanionApp.SwiftFileList -DDEBUG -enable-bare-slash-regex -enable-experimental-feature DebugDescriptionMacro -sdk /Applications/Xcode.app/Contents/Developer/Platforms/iPhoneSimulator.platform/Developer/SDKs/iPhoneSimulator18.5.sdk -target arm64-apple-ios18.5-simulator -g -module-cache-path /Users/apple/Library/Developer/Xcode/DerivedData/ModuleCache.noindex -Xfrontend -serialize-debugging-options -profile-coverage-mapping -profile-generate -enable-testing -index-store-path /Users/apple/Library/Developer/Xcode/DerivedData/TravelCompanion-hihrfrveyzcocrfaffonbtiylepz/Index.noindex/DataStore -swift-version 5 -I /Users/apple/Library/Developer/Xcode/DerivedData/TravelCompanion-hihrfrveyzcocrfaffonbtiylepz/Build/Products/Debug-iphonesimulator -F /Users/apple/Library/Developer/Xcode/DerivedData/TravelCompanion-hihrfrveyzcocrfaffonbtiylepz/Build/Products/Debug-iphonesimulator/PackageFrameworks -F /Users/apple/Library/Developer/Xcode/DerivedData/TravelCompanion-hihrfrveyzcocrfaffonbtiylepz/Build/Products/Debug-iphonesimulator/PackageFrameworks -F /Users/apple/Library/Developer/Xcode/DerivedData/TravelCompanion-hihrfrveyzcocrfaffonbtiylepz/Build/Products/Debug-iphonesimulator/PackageFrameworks -F /Users/apple/Library/Developer/Xcode/DerivedData/TravelCompanion-hihrfrveyzcocrfaffonbtiylepz/Build/Products/Debug-iphonesimulator -emit-localized-strings -emit-localized-strings-path /Users/apple/Library/Developer/Xcode/DerivedData/TravelCompanion-hihrfrveyzcocrfaffonbtiylepz/Build/Intermediates.noindex/TravelCompanionApp.build/Debug-iphonesimulator/TravelCompanionApp.build/Objects-normal/arm64 -c -j10 -enable-batch-mode -incremental -Xcc -ivfsstatcache -Xcc /Users/apple/Library/Developer/Xcode/DerivedData/SDKStatCaches.noindex/iphonesimulator18.5-22F76-d5fc8ad4295d2ef488fb7d0f804ce0c4.sdkstatcache -output-file-map /Users/apple/Library/Developer/Xcode/DerivedData/TravelCompanion-hihrfrveyzcocrfaffonbtiylepz/Build/Intermediates.noindex/TravelCompanionApp.build/Debug-iphonesimulator/TravelCompanionApp.build/Objects-normal/arm64/TravelCompanionApp-OutputFileMap.json -use-frontend-parseable-output -save-temps -no-color-diagnostics -serialize-diagnostics -emit-dependencies -emit-module -emit-module-path /Users/apple/Library/Developer/Xcode/DerivedData/TravelCompanion-hihrfrveyzcocrfaffonbtiylepz/Build/Intermediates.noindex/TravelCompanionApp.build/Debug-iphonesimulator/TravelCompanionApp.build/Objects-normal/arm64/TravelCompanionApp.swiftmodule -validate-clang-modules-once -clang-build-session-file /Users/apple/Library/Developer/Xcode/DerivedData/ModuleCache.noindex/Session.modulevalidation -Xcc -I/Users/apple/Library/Developer/Xcode/DerivedData/TravelCompanion-hihrfrveyzcocrfaffonbtiylepz/Build/Intermediates.noindex/TravelCompanionApp.build/Debug-iphonesimulator/TravelCompanionApp.build/swift-overrides.hmap -emit-const-values -Xfrontend -const-gather-protocols-file -Xfrontend /Users/apple/Library/Developer/Xcode/DerivedData/TravelCompanion-hihrfrveyzcocrfaffonbtiylepz/Build/Intermediates.noindex/TravelCompanionApp.build/Debug-iphonesimulator/TravelCompanionApp.build/Objects-normal/arm64/TravelCompanionApp_const_extract_protocols.json -Xcc -iquote -Xcc /Users/apple/Library/Developer/Xcode/DerivedData/TravelCompanion-hihrfrveyzcocrfaffonbtiylepz/Build/Intermediates.noindex/TravelCompanionApp.build/Debug-iphonesimulator/TravelCompanionApp.build/TravelCompanionApp-generated-files.hmap -Xcc -I/Users/apple/Library/Developer/Xcode/DerivedData/TravelCompanion-hihrfrveyzcocrfaffonbtiylepz/Build/Intermediates.noindex/TravelCompanionApp.build/Debug-iphonesimulator/TravelCompanionApp.build/TravelCompanionApp-own-target-headers.hmap -Xcc -I/Users/apple/Library/Developer/Xcode/DerivedData/TravelCompanion-hihrfrveyzcocrfaffonbtiylepz/Build/Intermediates.noindex/TravelCompanionApp.build/Debug-iphonesimulator/TravelCompanionApp.build/TravelCompanionApp-all-non-framework-target-headers.hmap -Xcc -ivfsoverlay -Xcc /Users/apple/Library/Developer/Xcode/DerivedData/TravelCompanion-hihrfrveyzcocrfaffonbtiylepz/Build/Intermediates.noindex/TravelCompanionApp.build/Debug-iphonesimulator/TravelCompanionApp-fcce090358e52d0ba2ca19d5be46f273-VFS-iphonesimulator/all-product-headers.yaml -Xcc -iquote -Xcc /Users/apple/Library/Developer/Xcode/DerivedData/TravelCompanion-hihrfrveyzcocrfaffonbtiylepz/Build/Intermediates.noindex/TravelCompanionApp.build/Debug-iphonesimulator/TravelCompanionApp.build/TravelCompanionApp-project-headers.hmap -Xcc -I/Users/apple/Library/Developer/Xcode/DerivedData/TravelCompanion-hihrfrveyzcocrfaffonbtiylepz/Build/Products/Debug-iphonesimulator/include -Xcc -I/Users/apple/Library/Developer/Xcode/DerivedData/TravelCompanion-hihrfrveyzcocrfaffonbtiylepz/Build/Intermediates.noindex/TravelCompanionApp.build/Debug-iphonesimulator/TravelCompanionApp.build/DerivedSources-normal/arm64 -Xcc -I/Users/apple/Library/Developer/Xcode/DerivedData/TravelCompanion-hihrfrveyzcocrfaffonbtiylepz/Build/Intermediates.noindex/TravelCompanionApp.build/Debug-iphonesimulator/TravelCompanionApp.build/DerivedSources/arm64 -Xcc -I/Users/apple/Library/Developer/Xcode/DerivedData/TravelCompanion-hihrfrveyzcocrfaffonbtiylepz/Build/Intermediates.noindex/TravelCompanionApp.build/Debug-iphonesimulator/TravelCompanionApp.build/DerivedSources -Xcc -DDEBUG\=1 -emit-objc-header -emit-objc-header-path /Users/apple/Library/Developer/Xcode/DerivedData/TravelCompanion-hihrfrveyzcocrfaffonbtiylepz/Build/Intermediates.noindex/TravelCompanionApp.build/Debug-iphonesimulator/TravelCompanionApp.build/Objects-normal/arm64/TravelCompanionApp-Swift.h -working-directory /Users/apple/Documents/Swift/Travel-Companion/TravelCompanionApp -experimental-emit-module-separately -disable-cmo

Ld /Users/apple/Library/Developer/Xcode/DerivedData/TravelCompanion-hihrfrveyzcocrfaffonbtiylepz/Build/Products/Debug-iphonesimulator/TravelCompanionApp.app/TravelCompanionApp.debug.dylib normal (in target 'TravelCompanionApp' from project 'TravelCompanionApp')
    cd /Users/apple/Documents/Swift/Travel-Companion/TravelCompanionApp
    /Applications/Xcode.app/Contents/Developer/Toolchains/XcodeDefault.xctoolchain/usr/bin/clang -Xlinker -reproducible -target arm64-apple-ios18.5-simulator -dynamiclib -isysroot /Applications/Xcode.app/Contents/Developer/Platforms/iPhoneSimulator.platform/Developer/SDKs/iPhoneSimulator18.5.sdk -O0 -L/Users/apple/Library/Developer/Xcode/DerivedData/TravelCompanion-hihrfrveyzcocrfaffonbtiylepz/Build/Intermediates.noindex/EagerLinkingTBDs/Debug-iphonesimulator -L/Users/apple/Library/Developer/Xcode/DerivedData/TravelCompanion-hihrfrveyzcocrfaffonbtiylepz/Build/Products/Debug-iphonesimulator -F/Users/apple/Library/Developer/Xcode/DerivedData/TravelCompanion-hihrfrveyzcocrfaffonbtiylepz/Build/Intermediates.noindex/EagerLinkingTBDs/Debug-iphonesimulator -F/Users/apple/Library/Developer/Xcode/DerivedData/TravelCompanion-hihrfrveyzcocrfaffonbtiylepz/Build/Products/Debug-iphonesimulator/PackageFrameworks -F/Users/apple/Library/Developer/Xcode/DerivedData/TravelCompanion-hihrfrveyzcocrfaffonbtiylepz/Build/Products/Debug-iphonesimulator/PackageFrameworks -F/Users/apple/Library/Developer/Xcode/DerivedData/TravelCompanion-hihrfrveyzcocrfaffonbtiylepz/Build/Products/Debug-iphonesimulator/PackageFrameworks -F/Users/apple/Library/Developer/Xcode/DerivedData/TravelCompanion-hihrfrveyzcocrfaffonbtiylepz/Build/Products/Debug-iphonesimulator -filelist /Users/apple/Library/Developer/Xcode/DerivedData/TravelCompanion-hihrfrveyzcocrfaffonbtiylepz/Build/Intermediates.noindex/TravelCompanionApp.build/Debug-iphonesimulator/TravelCompanionApp.build/Objects-normal/arm64/TravelCompanionApp.LinkFileList -install_name @rpath/TravelCompanionApp.debug.dylib -Xlinker -rpath -Xlinker /Users/apple/Library/Developer/Xcode/DerivedData/TravelCompanion-hihrfrveyzcocrfaffonbtiylepz/Build/Products/Debug-iphonesimulator/PackageFrameworks -Xlinker -rpath -Xlinker @executable_path/Frameworks -dead_strip -Xlinker -object_path_lto -Xlinker /Users/apple/Library/Developer/Xcode/DerivedData/TravelCompanion-hihrfrveyzcocrfaffonbtiylepz/Build/Intermediates.noindex/TravelCompanionApp.build/Debug-iphonesimulator/TravelCompanionApp.build/Objects-normal/arm64/TravelCompanionApp_lto.o -rdynamic -Xlinker -no_deduplicate -Xlinker -objc_abi_version -Xlinker 2 -Xlinker -debug_variant -Xlinker -dependency_info -Xlinker /Users/apple/Library/Developer/Xcode/DerivedData/TravelCompanion-hihrfrveyzcocrfaffonbtiylepz/Build/Intermediates.noindex/TravelCompanionApp.build/Debug-iphonesimulator/TravelCompanionApp.build/Objects-normal/arm64/TravelCompanionApp_dependency_info.dat -fobjc-link-runtime -fprofile-instr-generate -L/Applications/Xcode.app/Contents/Developer/Toolchains/XcodeDefault.xctoolchain/usr/lib/swift/iphonesimulator -L/usr/lib/swift -Xlinker -add_ast_path -Xlinker /Users/apple/Library/Developer/Xcode/DerivedData/TravelCompanion-hihrfrveyzcocrfaffonbtiylepz/Build/Intermediates.noindex/TravelCompanionApp.build/Debug-iphonesimulator/TravelCompanionApp.build/Objects-normal/arm64/TravelCompanionApp.swiftmodule -Wl,-no_warn_duplicate_libraries -Wl,-no_warn_duplicate_libraries -Wl,-no_warn_duplicate_libraries -Xlinker -alias -Xlinker _main -Xlinker ___debug_main_executable_dylib_entry_point -Xlinker -no_adhoc_codesign -o /Users/apple/Library/Developer/Xcode/DerivedData/TravelCompanion-hihrfrveyzcocrfaffonbtiylepz/Build/Products/Debug-iphonesimulator/TravelCompanionApp.app/TravelCompanionApp.debug.dylib -Xlinker -add_ast_path -Xlinker /Users/apple/Library/Developer/Xcode/DerivedData/TravelCompanion-hihrfrveyzcocrfaffonbtiylepz/Build/Intermediates.noindex/TravelDomain.build/Debug-iphonesimulator/TravelDomain.build/Objects-normal/arm64/TravelDomain.swiftmodule -Xlinker -add_ast_path -Xlinker /Users/apple/Library/Developer/Xcode/DerivedData/TravelCompanion-hihrfrveyzcocrfaffonbtiylepz/Build/Intermediates.noindex/Utilities.build/Debug-iphonesimulator/Utilities.build/Objects-normal/arm64/Utilities.swiftmodule -Xlinker -add_ast_path -Xlinker /Users/apple/Library/Developer/Xcode/DerivedData/TravelCompanion-hihrfrveyzcocrfaffonbtiylepz/Build/Intermediates.noindex/Networking.build/Debug-iphonesimulator/Networking.build/Objects-normal/arm64/Networking.swiftmodule
ld: warning: Could not find or use auto-linked framework 'Testing': framework 'Testing' not found
ld: warning: Could not parse or use implicit file '/Applications/Xcode.app/Contents/Developer/Platforms/iPhoneSimulator.platform/Developer/SDKs/iPhoneSimulator.sdk/System/Library/Frameworks/SwiftUICore.framework/SwiftUICore.tbd': cannot link directly with 'SwiftUICore' because product being built is not an allowed client of it
Undefined symbols for architecture arm64:
  "Testing.__swiftPMEntryPoint(passing: Testing.__CommandLineArguments_v0?) async -> Swift.Never", referenced from:
      (1) suspend resume partial function for static Utilities.Runner.main() async -> () in Utilities.o
  "async function pointer to Testing.__swiftPMEntryPoint(passing: Testing.__CommandLineArguments_v0?) async -> Swift.Never", referenced from:
      (1) suspend resume partial function for static Utilities.Runner.main() async -> () in Utilities.o
  "type metadata accessor for Testing.__CommandLineArguments_v0", referenced from:
      (1) suspend resume partial function for static Utilities.Runner.main() async -> () in Utilities.o
  "nominal type descriptor for Testing.__CommandLineArguments_v0", referenced from:
      _symbolic _____Sg 7Testing25__CommandLineArguments_v0V in Utilities.o
ld: symbol(s) not found for architecture arm64
clang: error: linker command failed with exit code 1 (use -v to see invocation)

** BUILD FAILED **


The following build commands failed:
	Ld /Users/apple/Library/Developer/Xcode/DerivedData/TravelCompanion-hihrfrveyzcocrfaffonbtiylepz/Build/Products/Debug-iphonesimulator/TravelCompanionApp.app/TravelCompanionApp.debug.dylib normal (in target 'TravelCompanionApp' from project 'TravelCompanionApp')
	Building workspace TravelCompanion with scheme TravelCompanionApp
(2 failures)
